id,job_ad_id,company_name,average_salary,employee_count,revenue
1,1,"Žilinskis ir Co, UAB",1946 €,355,50-100 mln. €
2,2,„Vičiūnų“ įmonių grupė,,,
3,3,UAB „Green Cafe“,1270 €,31,1-2 mln. €
4,4,UAB „SEMINGA“,2851 €,14,3-5 mln. €
5,5,MV GROUP,,,
6,6,UAB „ArkAmA“,2421 €,43,3-5 mln. €
7,7,UAB „Švykai“,2813 €,73,10-20 mln. €
8,8,UAB „Electric box“,2539 €,36,3-5 mln. €
9,9,UAB „Kublita“,1189 €,22,1-2 mln. €
10,10,"Registrų Centras, VĮ",,,
11,11,Lietuvos centrinė kredito unija,3787 €,111,10-20 mln. €
12,12,Lietuvos centrinė kredito unija,3787 €,111,10-20 mln. €
13,13,UAB „ALVORA“,2695 €,182,20-30 mln. €
14,14,AS Inbank filialas,5380 €,69,
15,15,UAB „Personalo valdymo inovacijos“,,,
16,16,EPSO-G grupė,,,
17,17,TMV Capital įmonių grupė,,,
18,18,TMV Capital įmonių grupė,,,
19,19,UAB „GetJet Airlines“,3752 €,165,>100 mln. €
20,20,AB „LIETUVOS DRAUDIMAS“,7066 €,936,>100 mln. €
21,21,UAB „EHR Media“,,,
22,22,UAB „I-Photonics“,2800 €,44,5-10 mln. €
23,23,UAB „Milviteka“,2619 €,62,5-10 mln. €
24,24,UAB „RNDV Group“,2351 €,724,30-50 mln. €
25,25,Eglės sanatorija,1516 €,153,5-10 mln. €
26,26,UAB „AVS PipeFit“,2514 €,427,20-30 mln. €
27,27,UAB „Petrohim Internationa Carriers“,2305 €,10,3-5 mln. €
28,28,UAB Sveikatos centras „Energetikas“,1619 €,65,3-5 mln. €
29,29,ŽŪB „Nematekas“,,368,30-50 mln. €
30,30,AB „VILKYŠKIŲ PIENINĖ“,2603 €,408,>100 mln. €
31,31,UAB „GEALAN BALTIC“,3970 €,229,30-50 mln. €
32,32,UAB „Liepų restoranas“,1653 €,6,
33,33,AB „ŽEMAITIJOS PIENAS“,2633 €,1308,>100 mln. €
34,34,INHUS,,,
35,35,UAB „BNM Finance“,2605 €,119,3-5 mln. €
36,36,UAB „BNM Finance“,2605 €,119,3-5 mln. €
37,37,UAB „Krekenavos agrofirma“,2046 €,1072,>100 mln. €
38,38,UAB „Eika Group“,4510 €,45,5-10 mln. €
39,39,Amber Food grupė,,,
40,40,Amber Food grupė,,,
41,41,UAB „Vlantana“,,,
42,42,Amber Food grupė,,,
43,43,UAB „MAXIMA International Sourcing“,3292 €,143,>100 mln. €
44,44,UAB „Inovatyvūs restoranai“,1860 €,239,10-20 mln. €
45,45,UAB „GRIFS AG“,1304 €,1356,20-30 mln. €
46,46,ATEA grupė,,,
47,47,ATEA grupė,,,
48,48,UAB „RNDV Holding“,3615 €,87,3-5 mln. €
49,49,ATEA grupė,,,
50,50,"RSD Auto, UAB",1764 €,98,5-10 mln. €
51,51,UAB „Šviežia stotelė“,2618 €,41,3-5 mln. €
52,52,UAB „BTT Group“,3887 €,93,10-20 mln. €
53,53,METALISTAS LT UAB,2707 €,100,5-10 mln. €
54,54,UAB „BnP Finance“,2979 €,34,5-10 mln. €
55,55,"Vizirė, UAB",,2,200-300 tūkst. €
56,56,UAB „MAXIMA International Sourcing“,3292 €,143,>100 mln. €
57,57,UAB „GRIFS AG“,1304 €,1356,20-30 mln. €
58,58,UAB „GRIFS AG“,1304 €,1356,20-30 mln. €
59,59,UAB „MAXIMA International Sourcing“,3292 €,143,>100 mln. €
60,60,UAB „Dotoni“,,,
61,61,UAB „Industris“,2261 €,49,5-10 mln. €
62,62,UAB „Lido Marine“,2931 €,93,5-10 mln. €
63,63,UAB „Vilniaus vandenys“,,,
64,64,UAB „CONSTRO“,1841 €,277,10-20 mln. €
65,65,UAB „Sakalas“,2210 €,201,30-50 mln. €
66,66,UAB „Hansa Flex Hidraulika“,2461 €,137,10-20 mln. €
67,67,MB „Statymo sprendimai“,1322 €,9,200-300 tūkst. €
68,68,UAB „Eurofins Labtarna Lietuva“,2252 €,37,1-2 mln. €
69,69,AB „ŽEMAITIJOS PIENAS“,2633 €,1308,>100 mln. €
70,70,UAB „FESTO“,,601,30-50 mln. €
71,71,UAB „Genys“,2619 €,100,5-10 mln. €
72,72,"Simu engineering services, UAB",3329 €,8,500 tūkst.-1 mln. €
73,73,UAB „SPORTLAND LT“,1408 €,470,50-100 mln. €
74,74,UAB „DANTŲ HARMONIJA - DENTAL HARMONY“,3701 €,58,3-5 mln. €
75,75,UAB „Brand Club“,1014 €,10,1-2 mln. €
76,76,MB „Dokepas“,1381 €,3,500 tūkst.-1 mln. €
77,77,SBA Grupė,,,
78,78,UAB „Ekonovus“,2365 €,680,30-50 mln. €
79,79,"Techsoma, UAB",1919 €,35,
80,80,UAB „GRIFS AG“,1304 €,1356,20-30 mln. €
81,81,UAB „GRIFS AG“,1304 €,1356,20-30 mln. €
82,82,MB „Detailingas“,,20,300-500 tūkst. €
83,83,UAB „LHP LT“,2678 €,9,2-3 mln. €
84,84,Įmonių grupė „Penki kontinentai“,,,
85,85,UAB „People Link“,,,
86,86,UAB „Advantus“,,,
87,87,UAB „TAUMONA“,2181 €,116,5-10 mln. €
88,88,"Roshen Nord, UAB",5977 €,6,20-30 mln. €
89,89,UAB „Yara Lietuva“,3101 €,477,30-50 mln. €
90,90,AB „Vilniaus paukštynas“,2450 €,1330,>100 mln. €
91,91,UAB „Bariukas“,1345 €,7,500 tūkst.-1 mln. €
92,92,AB „Vilniaus paukštynas“,2450 €,1330,>100 mln. €
93,93,AB „Vilniaus paukštynas“,2450 €,1330,>100 mln. €
94,94,UAB „Litalex“,1526 €,65,300-500 tūkst. €
95,95,UAB „J&C Aero“,3280 €,177,10-20 mln. €
96,96,UAB LiproLT,,3,100-200 tūkst. €
97,97,Labdaros ir paramos fondas „Maisto bankas“,1535 €,126,20-30 mln. €
98,98,UAB „Agelus“,1184 €,20,500 tūkst.-1 mln. €
99,99,UAB „Kmoto“,2948 €,15,3-5 mln. €
100,100,SBA Grupė,,,
101,101,UAB „FESTO“,,601,30-50 mln. €
102,102,UAB „Obelių grupė“ įmonių grupė,,,
103,103,UAB „FESTO“,,601,30-50 mln. €
104,104,UAB „Lorus Construction“,1968 €,12,1-2 mln. €
105,105,UAB „Vilniaus skalbykla“,1610 €,39,2-3 mln. €
106,106,AB „CRANBALT“,2706 €,51,5-10 mln. €
107,107,UAB „SPA Birštonas“,1762 €,206,5-10 mln. €
108,108,UAB „Agrokoncernas“,3367 €,263,>100 mln. €
109,109,DS Smith Packaging,,,
110,110,UAB „Barflai“,847 €,40,1-2 mln. €
111,111,UAB „Sedonita“,2233 €,15,1-2 mln. €
112,112,UAB „Dussmann Service“,1288 €,1157,20-30 mln. €
113,113,UAB „Komoda“,1932 €,83,10-20 mln. €
114,114,UAB „Kils“,942 €,5,
115,115,UAB „Iacob“,,2,30-50 tūkst. €
116,116,UAB „Dolteka“,1473 €,210,5-10 mln. €
117,117,UAB „Groward Group“,3861 €,40,50-100 mln. €
118,118,UAB „Bison Commerce“,3628 €,81,3-5 mln. €
119,119,UAB „Akatrans Lietuva“,3187 €,54,3-5 mln. €
120,120,UAB „EKO Perdirbimas“,2460 €,38,3-5 mln. €
121,121,UAB „Irpeta“,1826 €,21,3-5 mln. €
122,122,IĮ „BN Tekstilė“,,,
123,123,EY,3443 €,405,30-50 mln. €
124,124,UAB „Krekenavos agrofirma“,2046 €,1072,>100 mln. €
125,125,UAB „NKT Lithuania“,3494 €,160,5-10 mln. €
126,126,UAB „ATP GRUPĖ“,1922 €,16,1-2 mln. €
127,127,UAB „Blokas“,1933 €,50,3-5 mln. €
128,128,UAB „Augma“,2263 €,125,50-100 mln. €
129,129,UAB „Electronic House“,2026 €,123,5-10 mln. €
130,130,UAB „Personalas“,,,
131,131,UAB „Vilandra“,3519 €,56,20-30 mln. €
132,132,UAB „Anjesė“,2803 €,47,5-10 mln. €
133,133,UAB „Brikers LT“,2578 €,63,5-10 mln. €
134,134,UAB „HUMANA LT“,2359 €,1037,50-100 mln. €
135,135,UAB Zenko Lithuania,2480 €,240,5-10 mln. €
136,136,UAB „GreenTech Baltic“,3009 €,58,5-10 mln. €
137,137,UAB „Jugum“,,,
138,138,UAB „Sostena“,3727 €,186,>100 mln. €
139,139,UAB Mediafon,5673 €,7,500 tūkst.-1 mln. €
140,140,UAB „Intership service“,2423 €,7,5-10 mln. €
141,141,UAB „Serpantinas“,,,
142,142,UAB „Dussmann Service“,1288 €,1157,20-30 mln. €
143,143,UAB „Adwisery“,2589 €,10,500 tūkst.-1 mln. €
144,144,"UAB „Labas, pasauli“",,,
145,145,UAB „Krekenavos agrofirma“,2046 €,1072,>100 mln. €
146,146,UAB „Ermitažas“,1839 €,666,>100 mln. €
147,147,UAB „Armando grupė“,,,
148,148,UAB Mediafon,5673 €,7,500 tūkst.-1 mln. €
149,149,UAB „Workman“,2037 €,78,3-5 mln. €
150,150,UAB „Ekonovus“,2365 €,680,30-50 mln. €
151,151,UAB „Protozauras“,2865 €,19,500 tūkst.-1 mln. €
152,152,"STFF Stafferty, UAB",,,
153,153,AB „Pieno žvaigždės“,3486 €,202,>100 mln. €
154,154,UAB „Nemuno banga“,,577,>100 mln. €
155,155,UAB „DHL LIETUVA“,5589 €,218,30-50 mln. €
156,156,UAB „SPORTLAND LT“,1408 €,470,50-100 mln. €
157,157,UAB „Armando grupė“,,,
158,158,UAB „Armando grupė“,,,
159,159,UAB „Ermitažas“,1839 €,666,>100 mln. €
160,160,UAB „Armando grupė“,,,
161,161,UAB „Versina“,1444 €,117,10-20 mln. €
162,162,UAB „Protozauras“,2865 €,19,500 tūkst.-1 mln. €
163,163,UAB „GTS Transportas“,2770 €,22,1-2 mln. €
164,164,AB „VILKYŠKIŲ PIENINĖ“,2603 €,408,>100 mln. €
165,165,UAB „Alpinus LT“,1461 €,44,2-3 mln. €
166,166,AB „Kauno grūdai“,2603 €,1275,>100 mln. €
167,167,ATEA grupė,,,
168,168,Venipak įmonių grupė,2509 €,655,50-100 mln. €
169,169,UAB „Drogas“,1369 €,478,30-50 mln. €
170,170,"Netta Solutions, UAB",3313 €,19,1-2 mln. €
171,171,"EVRC, UAB",,,
172,172,Gi Group Lithuania,,,
173,173,MV GROUP,,,
174,174,"EVRC, UAB",,,
175,175,UAB „Krekenavos agrofirma“,2046 €,1072,>100 mln. €
176,176,"Tvarus skalbimas, UAB",,3,
177,177,UAB „People Link“,,,
178,178,UAB „Mokykla Šiaurės licėjus“,2551 €,123,2-3 mln. €
179,179,UAB „ARMITANA“,1550 €,206,30-50 mln. €
180,180,UAB „Norvanta ir Ko“,1006 €,9,200-300 tūkst. €
181,181,AB „Klaipėdos vanduo“,3762 €,337,20-30 mln. €
182,182,UAB „DPD Lietuva“,,465,50-100 mln. €
183,183,Marino,,,
184,184,UAB „Palangos vandenys“,2494 €,88,3-5 mln. €
185,185,UAB Kazlų Rūdos energija,1773 €,70,2-3 mln. €
186,186,UAB „Mažeikių sunkvežimių servisas“,2165 €,15,1-2 mln. €
187,187,UAB „ISS Lietuva“,2374 €,318,10-20 mln. €
188,188,UAB FREDA II,2811 €,923,>100 mln. €
189,189,UAB „PakMarkas“,2843 €,180,20-30 mln. €
190,190,UAB „Narbutas International“,2250 €,1631,>100 mln. €
191,191,Ignitis grupė,,,
192,192,UAB „Geležinis Vilkas“,2280 €,16,500 tūkst.-1 mln. €
193,193,"OWI Enterprise, MB",,,100-200 tūkst. €
194,194,„Marzotto įmonių grupė“,1781 €,99,5-10 mln. €
195,195,„Marzotto įmonių grupė“,1781 €,99,5-10 mln. €
196,196,UAB „Eurohorecana“,2282 €,67,10-20 mln. €
197,197,UAB „Neringos apartamentai“,2206 €,25,1-2 mln. €
198,198,UAB „Detra Solar“,4392 €,49,3-5 mln. €
199,199,UAB „Eurohorecana“,2282 €,67,10-20 mln. €
200,200,AB „Kauno energija“,,,
201,201,Solestus Personeelsdiensten B.V.,,,
202,202,UAB „Liuks“,1287 €,9,100-200 tūkst. €
203,203,UAB „Įdarbinimo tarpininkavimo centras“,,,
204,204,UAB „Vilniaus apšvietimas“,3486 €,132,10-20 mln. €
205,205,UAB „RNDV Group“,2351 €,724,30-50 mln. €
206,206,UAB „Kesko Senukai Digital“,3824 €,161,>100 mln. €
207,207,MB „Nevada LT“,,1,30-50 tūkst. €
208,208,UAB „AVS PipeFit“,2514 €,427,20-30 mln. €
209,209,UAB „Delano“,1619 €,548,30-50 mln. €
210,210,UAB „Pastolių servisas“,,2,200-300 tūkst. €
211,211,"Pastatų administravimo, priežiūros ir inžinerinių sprendimų įmonių grupė",,,
212,212,UADBB „GrECo Sagauta“,8432 €,70,5-10 mln. €
213,213,"Pastatų administravimo, priežiūros ir inžinerinių sprendimų įmonių grupė",,,
214,214,UAB „Glansa“,3649 €,59,10-20 mln. €
215,215,UAB „Emploera“,,,
216,216,UAB „Emploera“,,,
217,217,ECOSERVICE grupė,2199 €,925,50-100 mln. €
218,218,UAB „People Link“,,,
219,219,UAB „Metso Global Business Services“,4879 €,303,10-20 mln. €
220,220,"Pastatų administravimo, priežiūros ir inžinerinių sprendimų įmonių grupė",,,
221,221,UAB „GTV Group“,1672 €,142,10-20 mln. €
222,222,UAB „Mįslius“,1939 €,12,200-300 tūkst. €
223,223,UAB „Sekargas Hamilton“,2990 €,75,5-10 mln. €
224,224,UAB „Xirgo Global“,5040 €,55,10-20 mln. €
225,225,UAB „Dominari“,1839 €,961,>100 mln. €
226,226,MB „Pašto balandis“,1062 €,11,200-300 tūkst. €
227,227,Lietuvos zoologijos sodas,2294 €,101,
228,228,"Ringaudų picerija, MB",780 €,11,100-200 tūkst. €
229,229,AB „LIETUVOS DRAUDIMAS“,7066 €,936,>100 mln. €
230,230,UAB „Vilniaus vystymo kompanija“,4009 €,141,10-20 mln. €
231,231,UAB „cargoGO Logistics“,3910 €,135,50-100 mln. €
232,232,UAB „Neirada“,1147 €,36,500 tūkst.-1 mln. €
233,233,Augusto Šlekio individuali veikla,,,
234,234,UAB „People Link“,,,
235,235,UAB „Begalybė galimybių“,1202 €,10,300-500 tūkst. €
236,236,Ignitis grupė,,,
237,237,UAB „AirInn Vilnius“,1499 €,87,3-5 mln. €
238,238,UAB „Circle K Lietuva“,1848 €,977,>100 mln. €
239,239,UAB „Memelio medis“,1737 €,39,3-5 mln. €
240,240,Talent Lab,,,
241,241,UAB „Autodamas“,2105 €,227,10-20 mln. €
242,242,VMGcorp,,,
243,243,TransferGo Ltd,4912 €,120,20-30 mln. €
244,244,TransferGo Ltd,4912 €,120,20-30 mln. €
245,245,UAB „DocLogix“,3219 €,38,1-2 mln. €
246,246,UAB „COWI Lietuva“,3716 €,304,10-20 mln. €
247,247,UAB „PROSPORT.LT“,2211 €,20,3-5 mln. €
248,248,UAB „COWI Lietuva“,3716 €,304,10-20 mln. €
249,249,ICECO įmonių grupė,,,
250,250,InMedica grupė,2227 €,765,20-30 mln. €
251,251,UAB „Artilux NMF“,,,
252,252,UAB „Ronelda“,1971 €,63,3-5 mln. €
253,253,UAB „Ronelda“,1971 €,63,3-5 mln. €
254,254,"SmartPosti, UAB",2774 €,158,10-20 mln. €
255,255,UAB „Timber Cabins“,2039 €,121,5-10 mln. €
256,256,UAB „Ryto vėjas“,1930 €,42,2-3 mln. €
257,257,UAB „LENDERS“,,,
258,258,Sanitex įmonių grupė,,,
259,259,UAB „AVS PipeFit“,2514 €,427,20-30 mln. €
260,260,UAB „Nando“,5145 €,48,5-10 mln. €
261,261,UAB „Vision Express“,,,
262,262,UAB „Biuro“,,,
263,263,UAB „OBER-HAUS“ nekilnojamas turtas,,61,5-10 mln. €
264,264,UAB „Daviva“,2301 €,30,500 tūkst.-1 mln. €
265,265,UAB „Osama“,2429 €,111,50-100 mln. €
266,266,UAB „PERSONALO SPRENDIMAI“,,,
267,267,"Divaks Food, UAB",3278 €,18,
268,268,AB „ŽEMAITIJOS PIENAS“,2633 €,1308,>100 mln. €
269,269,AB „ŽEMAITIJOS PIENAS“,2633 €,1308,>100 mln. €
270,270,UAB „ELDK“,4104 €,110,5-10 mln. €
271,271,"Daira Medica, UAB",2681 €,23,1-2 mln. €
272,272,Marino,,,
273,273,UAB „Gedlito transportas“,2351 €,142,30-50 mln. €
274,274,ECOSERVICE grupė,2199 €,925,50-100 mln. €
275,275,UAB „FERN Group“,3602 €,40,
276,276,UAB „MAKSIMA“,2456 €,116,10-20 mln. €
277,277,MB „Human Capital Center“,,,
278,278,UAB „Nemuno vaistinė“,2853 €,1358,>100 mln. €
279,279,LTG,,,
280,280,EstEmploy OÜ,,,
281,281,EstEmploy OÜ,,,
282,282,EPSO-G grupė,,,
283,283,AB Artea bankas,3102 €,1126,>100 mln. €
284,284,SEB,5037 €,1475,>100 mln. €
285,285,Ignitis grupė,,,
286,286,UAB „Omberg group“,6905 €,23,1-2 mln. €
287,287,UAB „Brand Club“,1014 €,10,1-2 mln. €
288,288,UAB „UCOBAS“,1594 €,43,1-2 mln. €
289,289,AB „CRANBALT“,2706 €,51,5-10 mln. €
290,290,UAB „Karalienės Mortos mokykla“,2351 €,189,5-10 mln. €
291,291,„Actona Lithuania“ UAB,2210 €,664,50-100 mln. €
292,292,Ignitis grupė,,,
293,293,UAB „Vilniaus vystymo kompanija“,4009 €,141,10-20 mln. €
294,294,S.Savicko įmonė,1033 €,33,
295,295,UAB „Dokdata“,2064 €,39,1-2 mln. €
296,296,UAB „Vakarų Ryterna“,2112 €,26,2-3 mln. €
297,297,UAB „ArkAmA“,2421 €,43,3-5 mln. €
298,298,UAB „Asmodas“,2439 €,98,5-10 mln. €
299,299,KAMIDA GROUP įmonių grupė,3370 €,31,3-5 mln. €
300,300,„Teltonikos“ įmonių grupė,8465 €,73,10-20 mln. €
301,301,Įmonių grupė „Penki kontinentai“,,,
302,302,AB „ŽEMAITIJOS PIENAS“,2633 €,1308,>100 mln. €
303,303,UAB „Lymbaras“,1550 €,5,300-500 tūkst. €
304,304,UAB „Lidl Lietuva“,2225 €,2810,>100 mln. €
305,305,UAB koncernas „Achemos grupė“,,,
306,306,DATAGROUP Operations Lithuania UAB,4568 €,23,
307,307,DATAGROUP Operations Lithuania UAB,4568 €,23,
308,308,DATAGROUP Operations Lithuania UAB,4568 €,23,
309,309,Viešoji įstaiga „Klaipėdos butai“,1758 €,10,100-200 tūkst. €
310,310,UAB „MAXIMA LT“,1593 €,11381,>100 mln. €
311,311,MB „Alpha Safety“,1636 €,20,500 tūkst.-1 mln. €
312,312,UAB „TAUMONA“,2181 €,116,5-10 mln. €
313,313,Eglės sanatorija,1516 €,153,5-10 mln. €
314,314,Eglės sanatorija,1516 €,153,5-10 mln. €
315,315,SBA Grupė,,,
316,316,UAB „Vilkrema“,,,
317,317,UAB „Bokštelis.lt“,3046 €,78,10-20 mln. €
318,318,UAB „Regatta Lithuania“,1545 €,28,2-3 mln. €
319,319,UAB „Programmatus“,3904 €,30,3-5 mln. €
320,320,UAB „Brandelektra“,3082 €,41,30-50 mln. €
321,321,UAB „Kauno švara“,2264 €,672,30-50 mln. €
322,322,UAB „Rapsoila“,3100 €,57,50-100 mln. €
323,323,UAB „Kauno švara“,2264 €,672,30-50 mln. €
324,324,UAB „EMSI“,1822 €,341,>100 mln. €
325,325,UAB „HOMANIT LIETUVA“,3050 €,133,
326,326,Vero Cafe,1327 €,210,5-10 mln. €
327,327,UAB „DOLETA“,1783 €,111,5-10 mln. €
328,328,UAB Litruma,1729 €,42,5-10 mln. €
329,329,UAB „HOMANIT LIETUVA“,3050 €,133,
330,330,UAB „SCANDAGRA“,5058 €,168,>100 mln. €
331,331,SBA Grupė,,,
332,332,UAB „Grainmore“,2877 €,117,20-30 mln. €
333,333,UAB „Advantus“,,,
334,334,HESBURGER,1461 €,919,10-20 mln. €
335,335,UAB „VET-1“,1880 €,245,20-30 mln. €
336,336,UAB „City Projects“,1640 €,5,500 tūkst.-1 mln. €
337,337,UAB „City Projects“,1640 €,5,500 tūkst.-1 mln. €
338,338,UAB „EGT LT“,2971 €,14,3-5 mln. €
339,339,UAB „Baldlita LT“,,3,300-500 tūkst. €
340,340,ACME įmonių grupė,,,
341,341,UAB „PLASTIKSĖ“,2276 €,320,20-30 mln. €
342,342,MB „Home NT“,,,100-200 tūkst. €
343,343,„Teltonikos“ įmonių grupė,8465 €,73,10-20 mln. €
344,344,„Teltonikos“ įmonių grupė,8465 €,73,10-20 mln. €
345,345,UAB „Prezo grupė“,2188 €,86,5-10 mln. €
346,346,LTG,,,
347,347,"SmartPosti, UAB",2774 €,158,10-20 mln. €
348,348,ITCC įmonių grupė,,,
349,349,UAB „Vienas“,,,
350,350,UAB „Vli Timber“,2226 €,130,20-30 mln. €
351,351,UAB „People Link“,,,
352,352,UAB „Drogas“,1369 €,478,30-50 mln. €
353,353,AAS „BTA Baltic Insurance Company“ filialas Lietuvoje,3212 €,521,>100 mln. €
354,354,UAB „Conres LT“,5295 €,175,>100 mln. €
355,355,"Aljansas AIBĖ, UAB",3139 €,86,30-50 mln. €
356,356,Jiezno UAB JUTA,2154 €,185,20-30 mln. €
357,357,AUDIMAS įmonių grupė,,,
358,358,UAB „Electronic House“,2026 €,123,5-10 mln. €
359,359,UAB „Barbora“,1998 €,655,10-20 mln. €
360,360,UAB „DND Talis“,2447 €,40,10-20 mln. €
361,361,UAB „MAXIMA LT“,1593 €,11381,>100 mln. €
362,362,UAB „Press Glass“,2733 €,249,5-10 mln. €
363,363,UAB „Press Glass“,2733 €,249,5-10 mln. €
364,364,UAB „Marketing Investment Group Lietuva“,1351 €,109,10-20 mln. €
365,365,"Prima NOTA, UAB",,3,500 tūkst.-1 mln. €
366,366,UAB „TV ŽAIDIMAI“,4908 €,100,10-20 mln. €
367,367,"Hansa plytelių turgus, UAB",2616 €,15,2-3 mln. €
368,368,UAB „Baltec CNC Technologies“,2403 €,96,5-10 mln. €
369,369,"Opus verslas, UAB",4128 €,6,200-300 tūkst. €
370,370,"AT Hold, UAB",4301 €,7,5-10 tūkst. €
371,371,"SunTerra Solar, UAB",,3,50-100 tūkst. €
372,372,Lietuvos ir Vokietijos uždaroji akcinė bendrovė „LIREMA“,4065 €,208,10-20 mln. €
373,373,„Actona Lithuania“ UAB,2210 €,664,50-100 mln. €
374,374,„Actona Lithuania“ UAB,2210 €,664,50-100 mln. €
375,375,„Actona Lithuania“ UAB,2210 €,664,50-100 mln. €
376,376,SBA Grupė,,,
377,377,UAB „Litideal“,3396 €,24,10-20 mln. €
378,378,UAB „Breitto“,3225 €,84,30-50 mln. €
379,379,UAB „POLIPROJEKTAS“,2511 €,19,1-2 mln. €
380,380,UAB „Kils“,942 €,5,
381,381,UAB „Novameta“,3063 €,290,20-30 mln. €
382,382,„Aprangos“ grupė,1930 €,808,>100 mln. €
383,383,Venipak įmonių grupė,2509 €,655,50-100 mln. €
384,384,BIOVELA GROUP,3887 €,130,5-10 mln. €
385,385,GOODWILL FINANCIAL INC,,,
386,386,"Carrox, UAB",2025 €,12,1-2 mln. €
387,387,UAB „Mefaci“,1722 €,26,3-5 mln. €
388,388,UAB „Mefaci“,1722 €,26,3-5 mln. €
389,389,UAB „ACHATAS“,2232 €,128,10-20 mln. €
390,390,Noriu personalo sprendimų grupė,,,
391,391,MB „Ventus artis“,,4,1-2 mln. €
392,392,"Restoranų Grupė Fortas, UAB",1811 €,343,10-20 mln. €
393,393,UAB „Pikantiškas maistas“,,,
394,394,UAB „DND Talis“,2447 €,40,10-20 mln. €
395,395,UAB „Electronic House“,2026 €,123,5-10 mln. €
396,396,UAB „Evolution Lithuania“,1487 €,977,10-20 mln. €
397,397,UAB „Evolution Lithuania“,1487 €,977,10-20 mln. €
398,398,Sorbum Group,,,
399,399,UAB „Biomedikos centras“,4001 €,45,5-10 mln. €
400,400,UAB „Signeda“,3178 €,159,30-50 mln. €
401,401,„Actona Lithuania“ UAB,2210 €,664,50-100 mln. €
402,402,UAB „Alfatransa“,3084 €,147,50-100 mln. €
403,403,UAB „Ad Limina“,2739 €,41,10-20 mln. €
404,404,VšĮ „VILNVARSA“,1896 €,44,2-3 mln. €
405,405,UAB „ERGOVENT“,3105 €,26,2-3 mln. €
406,406,UAB „JARDAS“ ir Ko,2316 €,28,2-3 mln. €
407,407,UAB „SP STUDIO“,1503 €,112,2-3 mln. €
408,408,UAB „Novameta“,3063 €,290,20-30 mln. €
409,409,UAB „OK transportas“,2014 €,294,20-30 mln. €
410,410,Dalimaro sp. z o.o.,,,
411,411,UAB „Lidl Lietuva“,2225 €,2810,>100 mln. €
412,412,UAB „Mefaci“,1722 €,26,3-5 mln. €
413,413,Amber Food grupė,,,
414,414,UAB „EX FACTORY JEWELRY“,2944 €,26,2-3 mln. €
415,415,AB Lietuvos paštas,1677 €,2540,50-100 mln. €
416,416,UAB „Press Glass“,2733 €,249,5-10 mln. €
417,417,UAB „Press Glass“,2733 €,249,5-10 mln. €
418,418,UAB „Press Glass“,2733 €,249,5-10 mln. €
419,419,UAB „BSW Engineering“,2521 €,351,10-20 mln. €
420,420,UAB „Magic Crafts“,,,
421,421,UAB „MITRADA“,2118 €,66,5-10 mln. €
422,422,UAB „Hollister Lietuva“,4085 €,832,>100 mln. €
423,423,UAB „H & M Hennes & Mauritz“,1143 €,279,30-50 mln. €
424,424,UAB „TELE2“,16050 €,148,>100 mln. €
425,425,UAB „H & M Hennes & Mauritz“,1143 €,279,30-50 mln. €
426,426,"Sveikatos uostas, UAB",2023 €,381,5-10 mln. €
427,427,UAB „FREDA“,2799 €,772,>100 mln. €
428,428,VšĮ Lietuvos nacionalinis radijas ir televizija,3206 €,671,50-100 mln. €
429,429,UAB „Nordcode technology“,4080 €,34,2-3 mln. €
430,430,UAB „Transinesta“ ECOLINES,2062 €,34,1-2 mln. €
431,431,Gi Group Lithuania,,,
432,432,UAB „Magnus Logistics“,2991 €,86,50-100 mln. €
433,433,UAB „Gero vėjo“,1563 €,80,3-5 mln. €
434,434,SBA Grupė,,,
435,435,SBA Grupė,,,
436,436,UAB „Finansų sprendimai“,2512 €,12,300-500 tūkst. €
437,437,UAB „Genys“,2619 €,100,5-10 mln. €
438,438,UAB „BORDENA“,2356 €,144,20-30 mln. €
439,439,"Aljansas AIBĖ, UAB",3139 €,86,30-50 mln. €
440,440,UAB FREDA II,2811 €,923,>100 mln. €
441,441,UAB „Elito era“,1415 €,27,500 tūkst.-1 mln. €
442,442,UAB „Kaunas Aircraft Maintenance Services“,3458 €,349,10-20 mln. €
443,443,McDonald's,1141 €,1245,50-100 mln. €
444,444,McDonald's,1141 €,1245,50-100 mln. €
445,445,UAB „Euroglass“,4972 €,67,5-10 mln. €
446,446,UAB „Lindstrom“,2873 €,129,10-20 mln. €
447,447,UAB „Šiaurės jūra“,2395 €,16,1-2 mln. €
448,448,UAB „Pepco Lithuania“,1480 €,684,50-100 mln. €
449,449,SBA Grupė,,,
450,450,VšĮ Lietuvos nacionalinis radijas ir televizija,3206 €,671,50-100 mln. €
451,451,UAB „Global Snus“,3637 €,58,2-3 mln. €
452,452,UAB „Littelfuse LT“,,473,50-100 mln. €
453,453,UAB „FREDA“,2799 €,772,>100 mln. €
454,454,MB „Worknos“,,,
455,455,UAB „Ermitažas“,1839 €,666,>100 mln. €
456,456,„Actona Lithuania“ UAB,2210 €,664,50-100 mln. €
457,457,UAB „Gelsva“,,,
458,458,UAB „Circle K Lietuva“,1848 €,977,>100 mln. €
459,459,UAB „Supakuota“,1959 €,22,2-3 mln. €
460,460,UAB „Lidl Lietuva“,2225 €,2810,>100 mln. €
461,461,UAB „Global Snus“,3637 €,58,2-3 mln. €
462,462,UAB „Hipika“,1971 €,40,3-5 mln. €
463,463,UAB „PRO BRO Group“,5215 €,25,3-5 mln. €
464,464,UAB „ZORE“,1590 €,51,2-3 mln. €
465,465,UAB „Biuro“,,,
466,466,"Sveikatos uostas, UAB",2023 €,381,5-10 mln. €
467,467,UAB „URGĖ“,1816 €,52,3-5 mln. €
468,468,UAB „Felder Group Lietuva“,,3,200-300 tūkst. €
469,469,UAB „Baltic Solutions Transport“,2583 €,16,5-10 mln. €
470,470,UAB „Mondelez Lietuva Production“,,,
471,471,"Sveikatos uostas, UAB",2023 €,381,5-10 mln. €
472,472,MB „Prosyto“,,,
473,473,UAB „SP STUDIO“,1503 €,112,2-3 mln. €
474,474,Moller Auto,3660 €,134,50-100 mln. €
475,475,UAB „Aibės logistika“,1988 €,165,>100 mln. €
476,476,UAB „BALTIJOS REALIZACIJOS CENTRAS“,3308 €,31,20-30 mln. €
477,477,UAB „Lindstrom“,2873 €,129,10-20 mln. €
478,478,UAB „Electronic House“,2026 €,123,5-10 mln. €
479,479,McDonald's,1141 €,1245,50-100 mln. €
480,480,UAB „Baltec CNC Technologies“,2403 €,96,5-10 mln. €
481,481,"Sveikatos uostas, UAB",2023 €,381,5-10 mln. €
482,482,UAB „Circle K Lietuva“,1848 €,977,>100 mln. €
483,483,"Carrox, UAB",2025 €,12,1-2 mln. €
484,484,„Actona Lithuania“ UAB,2210 €,664,50-100 mln. €
485,485,AB „Klaipėdos pienas“,2755 €,157,10-20 mln. €
486,486,UAB „Stiliaus kodas“,1914 €,7,1-2 mln. €
487,487,UAB FREDA II,2811 €,923,>100 mln. €
488,488,UAB „Projektana“,3711 €,274,30-50 mln. €
489,489,AB „Volfas Engelman“,3186 €,301,50-100 mln. €
490,490,UAB „Osama“,2429 €,111,50-100 mln. €
491,491,Žemės ūkio kooperatyvas „Pienas LT“,3190 €,275,>100 mln. €
492,492,"Providera, UAB",,,
493,493,UAB „Konventa“,,4,200-300 tūkst. €
494,494,UAB „I-Photonics“,2800 €,44,5-10 mln. €
495,495,UAB „Somus“,1534 €,11,500 tūkst.-1 mln. €
496,496,UAB „KROWN“,2542 €,12,500 tūkst.-1 mln. €
497,497,,,,
498,498,"Vilniaus lietaus vaikai, asociacija",1288 €,18,100-200 tūkst. €
499,499,UAB TWB Logistics,,,
500,500,UAB „Bodesos langai“,2595 €,24,3-5 mln. €
501,501,AB Vilniaus šilumos tinklai,2673 €,588,>100 mln. €
502,502,UAB „Švarus pasaulis“,,,
503,503,UAB „ATVILA“,2959 €,19,5-10 mln. €
504,504,ERGO,,,
505,505,UAB „Engineer“,3068 €,43,3-5 mln. €
506,506,UAB „Ekskomisarų biuras“,1560 €,1655,20-30 mln. €
507,507,UAB „Palegris“,1312 €,22,1-2 mln. €
508,508,Jungtinė centrinė kredito unija,10048 €,41,2-3 mln. €
509,509,Estetinės odontologijos klinika Precize,613 €,10,300-500 tūkst. €
510,510,"„Grafton Lithuania“, UAB",,,
511,511,UAB „SPORTLAND LT“,1408 €,470,50-100 mln. €
512,512,UAB „KESKO SENUKAI LITHUANIA“,2059 €,2842,>100 mln. €
513,513,UAB „Gardumeli“,1002 €,46,5-10 mln. €
514,514,UAB „MARO SERVICE EUROPE“,,,
515,515,ATEA grupė,,,
516,516,UAB „CT-dent“,1368 €,28,1-2 mln. €
517,517,UAB „Lidl Lietuva“,2225 €,2853,>100 mln. €
518,518,UAB „ACHATAS“,2232 €,128,10-20 mln. €
519,519,UAB „Infes Tech“,3462 €,35,5-10 mln. €
520,520,UAB Integris,2181 €,9,300-500 tūkst. €
521,521,UAB „ČEKIS“,2389 €,16,500 tūkst.-1 mln. €
522,522,UAB „Techno BIM“,1942 €,5,200-300 tūkst. €
523,523,UAB „Tyliaus grafika“,1890 €,15,500 tūkst.-1 mln. €
524,524,UAB „Enersense“,2633 €,57,5-10 mln. €
525,525,MB „Sugalvok norą“,,2,100-200 tūkst. €
526,526,"Wise Trading Group, UAB",2538 €,24,10-20 mln. €
527,527,UAB „HORECA CONSULTING“,1308 €,10,300-500 tūkst. €
528,528,Atranka360,,,
529,529,,,,
530,530,TMV Capital įmonių grupė,,,
531,531,UAB „Įdarbinimo tarpininkavimo centras“,,,
532,532,UAB „Indigroup“,,,
533,533,MB „Verslo skambutis“,831 €,20,300-500 tūkst. €
534,534,UAB „Mediresta“,1283 €,108,3-5 mln. €
535,535,UAB „BEROLAIDA“,2399 €,11,500 tūkst.-1 mln. €
536,536,Vilniaus tarptautinis prancūzų licėjus,2592 €,119,5-10 mln. €
537,537,HPF group,,,
538,538,UAB „Eisera“,2049 €,16,2-3 mln. €
539,539,UAB „Kietaviškių gausa“,1814 €,244,10-20 mln. €
540,540,UAB „HELLA Lithuania“,3076 €,473,>100 mln. €
541,541,UAB „Resursas“,3164 €,347,20-30 mln. €
542,542,UAB „Resursas“,3164 €,347,20-30 mln. €
543,543,UAB „Templari“,2114 €,126,10-20 mln. €
544,544,MB „Automobilio bičiulis“,,3,100-200 tūkst. €
545,545,Vaikų meninė studija „Diemedis“,2186 €,50,1-2 mln. €
546,546,UAB „Vlantanos logistika“,2124 €,79,3-5 mln. €
547,547,Amber Food grupė,,,
548,548,UAB „Kodeta“,,1,200-300 tūkst. €
549,549,UAB „Buhalterės.lt“,2553 €,11,2-3 mln. €
550,550,UAB „Drogas“,1369 €,478,30-50 mln. €
551,551,"Restoranų Grupė Fortas, UAB",1811 €,343,10-20 mln. €
552,552,AB „ŽEMAITIJOS PIENAS“,2633 €,1308,>100 mln. €
553,553,UAB „Penkių kontinentų komunikacijų centras“,2982 €,70,5-10 mln. €
554,554,Įmonių grupė „Penki kontinentai“,,,
555,555,UAB „Lidl Lietuva“,2225 €,2853,>100 mln. €
556,556,UAB „Lidl Lietuva“,2225 €,2853,>100 mln. €
557,557,UAB „Lidl Lietuva“,2225 €,2853,>100 mln. €
558,558,UAB „Makritas“,2277 €,86,5-10 mln. €
559,559,UAB „Ekskomisarų biuras“,1560 €,1655,20-30 mln. €
560,560,Noriu personalo sprendimų grupė,,,
561,561,UAB „PERSONALO SPRENDIMAI“,,,
562,562,UAB „VET-1“,1880 €,245,20-30 mln. €
563,563,„Teltonikos“ įmonių grupė,8465 €,73,10-20 mln. €
564,564,Gi Group Lithuania,,,
565,565,UAB „Belmera“,,2,1-2 mln. €
566,566,UAB „Birštono mineraliniai vandenys“ ir Ko,2391 €,70,20-30 mln. €
567,567,LTG,,,
568,568,AB „Via Lietuva“,3367 €,318,10-20 mln. €
569,569,UAB „Birštono mineraliniai vandenys“ ir Ko,2391 €,70,20-30 mln. €
570,570,MB „Lauroka“,,,200-300 tūkst. €
571,571,A/S „Mārupes Metālmeistars“,,,
572,572,SBA Grupė,,,
573,573,UAB „Dominari“,1839 €,961,>100 mln. €
574,574,"Vilkijos pirminės sveikatos priežiūros centras, VšĮ",2214 €,125,
575,575,UAB „SCANIA LIETUVA“,3629 €,150,>100 mln. €
576,576,UAB „NEVDA“,4634 €,72,3-5 mln. €
577,577,UAB „Guidehouse Lithuania“,3611 €,461,5-10 mln. €
578,578,UAB „Kormotech“,2719 €,187,20-30 mln. €
579,579,UAB „Grant Thornton Baltic“,3186 €,132,5-10 mln. €
580,580,UAB „Grant Thornton Baltic“,3186 €,132,5-10 mln. €
581,581,UAB „Serfas“,2700 €,151,50-100 mln. €
582,582,UAB „AURIKA“,3381 €,494,50-100 mln. €
583,583,UAB „Ekonovus“,2365 €,680,30-50 mln. €
584,584,UAB „Kosmelita“,,,
585,585,UAB „Lidl Lietuva“,2225 €,2853,>100 mln. €
586,586,ERGO,,,
587,587,UAB „Girelės paukštynas“,1722 €,59,10-20 mln. €
588,588,"ORLEN Service Lietuva, UAB",2965 €,353,10-20 mln. €
589,589,UAB „Girelės paukštynas“,1722 €,59,10-20 mln. €
590,590,"ORLEN Service Lietuva, UAB",2965 €,353,10-20 mln. €
591,591,UAB „Vilmers“,1861 €,414,20-30 mln. €
592,592,UAB „Advantus“,,,
593,593,UAB „Smurfit Westrock Baltic“,5238 €,122,20-30 mln. €
594,594,UAB „Alteus“,3315 €,125,20-30 mln. €
595,595,UAB „Kosmelita“,,,
596,596,UAB „Milsa“,,,
597,597,UAB „Obelių grupė“ įmonių grupė,,,
598,598,UAB „Mano daktaras“,3618 €,7,500 tūkst.-1 mln. €
599,599,UAB „METOS“,4003 €,20,3-5 mln. €
600,600,UAB „Lidl Lietuva“,2225 €,2853,>100 mln. €
601,601,Girteka įmonių grupė,4109 €,430,30-50 mln. €
602,602,UAB „Winframe“,1738 €,6,200-300 tūkst. €
603,603,UAB „ALVORA“,2695 €,182,20-30 mln. €
604,604,UAB „Esco Medical Technologies“,3064 €,82,10-20 mln. €
605,605,UAB „AR Maistas“,2130 €,35,5-10 mln. €
606,606,UAB „Continental Automotive Lithuania“,3149 €,535,>100 mln. €
607,607,UAB „Binkauskas ir Stašinskas“,3146 €,28,30-50 mln. €
608,608,AB „LIETUVOS DRAUDIMAS“,7066 €,936,>100 mln. €
609,609,UAB „People Link“,,,
610,610,"Danbalt International, UAB",,,
611,611,UAB „Kauno švara“,2264 €,672,30-50 mln. €
612,612,"Linobusas, MB",1507 €,25,500 tūkst.-1 mln. €
613,613,MB „Olibelė“,872 €,4,200-300 tūkst. €
614,614,Distribution Jylland APS,,,
615,615,TMV Capital įmonių grupė,,,
616,616,UAB „Narbutas International“,2250 €,1631,>100 mln. €
617,617,UAB „Autologa“,1849 €,7,2-3 mln. €
618,618,ATEA grupė,,,
619,619,UAB „Personalo valdymo sistemos“,,,
620,620,UAB „Intellectus kalbų centras“,2637 €,30,2-3 mln. €
621,621,UAB „Bravisima“,1266 €,34,1-2 mln. €
622,622,UAB „KT MODULES“,2491 €,121,10-20 mln. €
623,623,UAB „Įdarbinimo tarpininkavimo centras“,,,
624,624,UAB „Retiva“,,,
625,625,UAB „Retiva“,,,
626,626,UAB „Retiva“,,,
627,627,UAB „Retiva“,,,
628,628,UAB „KAUNAS METAL“,2708 €,68,50-100 mln. €
629,629,Inchcape Lithuania,3123 €,162,>100 mln. €
630,630,UAB „FESTO“,,601,30-50 mln. €
631,631,"Baltic Agro, UAB",4137 €,208,>100 mln. €
632,632,UAB „Essmedi“,4193 €,21,20-30 mln. €
633,633,UAB „Vilniaus vandenys“,,,
634,634,UAB „Vilniaus vandenys“,,,
635,635,UAB „Mobilauta“,1598 €,13,1-2 mln. €
636,636,UAB „Vilniaus vandenys“,,,
637,637,UAB „TK - Fashion“,1498 €,80,5-10 mln. €
638,638,UAB „Baltic cocoa“,2235 €,49,5-10 mln. €
639,639,UAB „Rywal LT“,4302 €,19,5-10 mln. €
640,640,UAB „NFQ Technologies“,4968 €,238,20-30 mln. €
641,641,UAB „VET-1“,1880 €,245,20-30 mln. €
642,642,UAB „VET-1“,1880 €,245,20-30 mln. €
643,643,UAB „Dovanų šalis“,977 €,25,1-2 mln. €
644,644,UAB“ UnoSol”,3654 €,24,5-10 mln. €
645,645,Solitek,2340 €,62,20-30 mln. €
646,646,UAB „Bravisima“,1266 €,34,1-2 mln. €
647,647,UAB „SPORTLAND LT“,1408 €,470,50-100 mln. €
648,648,UAB „Agavos prekyba“,1828 €,101,10-20 mln. €
649,649,UAB „Manpower Lit“,,,
650,650,UAB „Longo Shared Services“,1610 €,75,5-10 mln. €
651,651,AB „Aksa“,1981 €,250,20-30 mln. €
652,652,UAB „Grainmore“,2877 €,117,20-30 mln. €
653,653,UAB „RNDV Holding“,3615 €,87,3-5 mln. €
654,654,UAB „MEDIHUB“,1837 €,12,2-3 mln. €
655,655,UAB „Motivate LT“,,,
656,656,MB „Human Capital Center“,,,
657,657,UAB „BEATRIČĖS SALDUMYNAI“,1358 €,12,500 tūkst.-1 mln. €
658,658,AB „Vilniaus paukštynas“,2450 €,1329,>100 mln. €
659,659,AB „Vilniaus paukštynas“,2450 €,1329,>100 mln. €
660,660,AB „Vilniaus paukštynas“,2450 €,1329,>100 mln. €
661,661,UAB „Ermitažas“,1839 €,666,>100 mln. €
662,662,UAB „Ermitažas“,1839 €,666,>100 mln. €
663,663,UAB „Puratos Lithuania“,3321 €,8,5-10 mln. €
664,664,UAB „MAGNETA LOGISTICS“,,,
665,665,ERGO,,,
666,666,UAB „DAYTON“,2738 €,108,10-20 mln. €
667,667,UAB „PASSER SIDC GROUP“,5158 €,31,1-2 mln. €
668,668,UAB „PASSER SIDC GROUP“,5158 €,31,1-2 mln. €
669,669,UAB „Vildeta“,2390 €,98,5-10 mln. €
670,670,UAB „Vildeta“,2390 €,98,5-10 mln. €
671,671,UAB „Dolteka“,1473 €,210,5-10 mln. €
672,672,UAB „AV Projektai“,3885 €,118,30-50 mln. €
673,673,UAB „Pilna diena“,1308 €,14,200-300 tūkst. €
674,674,UAB „Hotel Neris“,3074 €,78,5-10 mln. €
675,675,Telia,,1747,>100 mln. €
676,676,UAB „Vilniaus apšvietimas“,3486 €,132,10-20 mln. €
677,677,UAB „Vilniaus apšvietimas“,3486 €,132,10-20 mln. €
678,678,UAB „Vilniaus apšvietimas“,3486 €,132,10-20 mln. €
679,679,UAB „SRS SERVISAS“,2854 €,238,30-50 mln. €
680,680,InMedica grupė,2227 €,763,20-30 mln. €
681,681,InMedica grupė,2227 €,763,20-30 mln. €
682,682,InMedica grupė,2227 €,763,20-30 mln. €
683,683,UAB „PUKENO“,2412 €,338,20-30 mln. €
684,684,UAB „Cargo 24“,1981 €,151,5-10 mln. €
685,685,ECOSERVICE grupė,2199 €,927,50-100 mln. €
686,686,UAB „Vilniaus tranzitas“,1874 €,152,5-10 mln. €
687,687,UAB „Vilniaus tranzitas“,1874 €,152,5-10 mln. €
688,688,UAB „JYSK BALTIC“,1450 €,249,30-50 mln. €
689,689,AB „Vilniaus paukštynas“,2450 €,1326,>100 mln. €
690,690,UAB „Saulės grąža“,5215 €,96,20-30 mln. €
691,691,Grupė BADS - Auto EDU,2304 €,19,2-3 mln. €
692,692,UAB „Įdarbinimo tarpininkavimo centras“,,,
693,693,UAB „KESKO SENUKAI LITHUANIA“,2059 €,2834,>100 mln. €
694,694,UAB „Schenker“,5691 €,117,20-30 mln. €
695,695,UAB „Baronsta“,1863 €,64,3-5 mln. €
696,696,UAB „Arbora LT“,2598 €,95,3-5 mln. €
697,697,"KIKA LT, UAB",2078 €,365,50-100 mln. €
698,698,UAB „Biržų duona“,1884 €,447,20-30 mln. €
699,699,UAB „Planas chuliganas“,1260 €,455,10-20 mln. €
700,700,UAB „Eismija“,2515 €,14,1-2 mln. €
701,701,Marino,,,
702,702,UAB „Ermitažas“,1839 €,666,>100 mln. €
703,703,Marino,,,
704,704,BĮ „Nacionalinis bendrųjų funkcijų centras“,2089 €,574,
705,705,MEGAMAS GRUPĖ,1109 €,11,500 tūkst.-1 mln. €
706,706,"Finansų treneriai, UAB",1289 €,5,
707,707,"Finansų treneriai, UAB",1289 €,5,
708,708,UAB „KODERUS“,2425 €,27,500 tūkst.-1 mln. €
709,709,UAB „Emploera“,,,
710,710,AB „Kauno tiltai“,3238 €,874,>100 mln. €
711,711,UAB „Kauno švara“,2264 €,677,30-50 mln. €
712,712,AB „Kauno tiltai“,3238 €,874,>100 mln. €
713,713,UAB „KODERUS“,2425 €,27,500 tūkst.-1 mln. €
714,714,UAB „KODERUS“,2425 €,27,500 tūkst.-1 mln. €
715,715,"Finansų treneriai, UAB",1289 €,5,
716,716,Lietuvos zoologijos sodas,2294 €,102,
717,717,VšĮ „Respublikinė Vilniaus universitetinė ligoninė“,3105 €,2049,
718,718,AUDIMAS įmonių grupė,,,
719,719,UAB „Mavista“,2124 €,59,3-5 mln. €
720,720,Modus Group,8111 €,10,300-500 tūkst. €
721,721,ERGO,,,
722,722,UAB „Landtop“,,2,200-300 tūkst. €
723,723,VšĮ „Šeškinės poliklinika“,3728 €,707,
724,724,UAB „Jaukurai“,2561 €,76,20-30 mln. €
725,725,AB „NEO Finance“,3478 €,47,5-10 mln. €
726,726,UAB „MAXIMA LT“,1593 €,11359,>100 mln. €
727,727,UAB „Siccus“,1781 €,67,2-3 mln. €
728,728,UAB „Worldline Lietuva“,2701 €,60,10-20 mln. €
729,729,"IKI Lietuva, UAB",1670 €,5461,>100 mln. €
730,730,UAB „Ekonovus“,2365 €,681,30-50 mln. €
731,731,UAB „Transtira“,2902 €,198,20-30 mln. €
732,732,UAB „Mobkeisa“,2041 €,116,5-10 mln. €
733,733,UAB „Ekonovus“,2365 €,681,30-50 mln. €
734,734,ŽŪB „Nematekas“,,366,30-50 mln. €
735,735,UAB „AVS PipeFit“,2514 €,433,20-30 mln. €
736,736,ŽŪB „Nematekas“,,366,30-50 mln. €
737,737,UAB „Handelshus“,2079 €,45,20-30 mln. €
738,738,UAB „Autoavilys Klaipėdoje“,1138 €,8,500 tūkst.-1 mln. €
739,739,UAB „Iremas“,3231 €,392,20-30 mln. €
740,740,UAB „Advantus“,,,
741,741,UAB „Polilux“,780 €,17,100-200 tūkst. €
742,742,UAB „Transimeksa“,,,
743,743,UAB „Begalybė galimybių“,1202 €,10,300-500 tūkst. €
744,744,INHUS,,,
745,745,UAB „Emploera“,,,
746,746,INHUS,,,
747,747,UAB „Lidl Lietuva“,2225 €,2850,>100 mln. €
748,748,UAB „BK Grupė“,4178 €,88,30-50 mln. €
749,749,UAB „Emploera“,,,
750,750,UAB „Stakorda“,1678 €,23,1-2 mln. €
751,751,VšĮ Lietuvos žemės ūkio konsultavimo tarnyba,2725 €,394,10-20 mln. €
752,752,UAB „Jekpo“,,2,
753,753,UAB „Vilandra“,3519 €,56,20-30 mln. €
754,754,UAB „DARNU GROUP“,3686 €,120,5-10 mln. €
755,755,UAB „Saurida“,1335 €,256,50-100 mln. €
756,756,MB „Cnc express“,1296 €,15,1-2 mln. €
757,757,UAB „Neringos restoranas“,1821 €,67,3-5 mln. €
758,758,UAB „Indema“,2511 €,24,3-5 mln. €
759,759,"Pastatų administravimo, priežiūros ir inžinerinių sprendimų įmonių grupė",,,
760,760,UAB „SPORTLAND LT“,1408 €,473,50-100 mln. €
761,761,UAB „Ryterna group“,,,
762,762,UAB Sveikatos centras „Energetikas“,1619 €,65,3-5 mln. €
763,763,UAB „People Link“,,,
764,764,UAB „Advantus“,,,
765,765,UAB „Quadigi“,4760 €,171,5-10 mln. €
766,766,Kauto,,,
767,767,AB ORLEN Baltics Retail,1891 €,307,>100 mln. €
768,768,AB „Kauno tiltai“,3238 €,874,>100 mln. €
769,769,UAB „Vitros prekyba“,2099 €,32,1-2 mln. €
770,770,UAB „Universalūs medžio produktai“,1848 €,126,3-5 mln. €
771,771,UAB Gricius logistics,2034 €,165,30-50 mln. €
772,772,UAB „Hermes Asset Management“,2873 €,69,30-50 mln. €
773,773,UAB „Pigu“,3447 €,465,>100 mln. €
774,774,PJazz Restoranai,1370 €,118,3-5 mln. €
775,775,PJazz Restoranai,1370 €,118,3-5 mln. €
776,776,Venipak įmonių grupė,2509 €,655,50-100 mln. €
777,777,PJazz Restoranai,1370 €,118,3-5 mln. €
778,778,VšĮ Lietuvos žemės ūkio konsultavimo tarnyba,2725 €,394,10-20 mln. €
779,779,VšĮ Lietuvos žemės ūkio konsultavimo tarnyba,2725 €,394,10-20 mln. €
780,780,VšĮ Lietuvos žemės ūkio konsultavimo tarnyba,2725 €,394,10-20 mln. €
781,781,AB „Kauno tiltai“,3238 €,874,>100 mln. €
782,782,UAB „Pin Pin“,,,
783,783,WFDM Limited,,,
784,784,UAB „Alvitan“,1886 €,174,5-10 mln. €
785,785,UAB „Norac“,1850 €,232,20-30 mln. €
786,786,UAB „Artromta“,1915 €,7,5-10 mln. €
787,787,„Teltonikos“ įmonių grupė,8465 €,73,10-20 mln. €
788,788,UAB „Jugum“,,,
789,789,UAB „Jugum“,,,
790,790,UAB „Jugum“,,,
791,791,UAB „Jugum“,,,
792,792,UAB „Jugum“,,,
793,793,BIGBANK AS filialas,3980 €,113,1-2 mln. €
794,794,UAB „EKO Perdirbimas“,2460 €,39,3-5 mln. €
795,795,UAB „Matesa“,1929 €,135,5-10 mln. €
796,796,DS Smith Packaging,,,
797,797,C & G Logistics GmbH,3724 €,15,1-2 mln. €
798,798,UAB „Mitrena“,1455 €,91,5-10 mln. €
799,799,UAB „Interneto vizija“,4329 €,44,10-20 mln. €
800,800,UAB „VET-1“,1880 €,245,20-30 mln. €
801,801,UAB „PERSONALO SPRENDIMAI“,,,
802,802,UAB „Business group“,3501 €,24,5-10 mln. €
803,803,UAB „Sūduvos statyba“,2676 €,29,5-10 mln. €
804,804,UAB „Eika Group“,4510 €,45,5-10 mln. €
805,805,UAB „Topo grupė“,2242 €,335,>100 mln. €
806,806,UAB „Topo grupė“,2242 €,335,>100 mln. €
807,807,UAB „Įdarbinimo tarpininkavimo centras“,,,
808,808,UAB „Topo grupė“,2242 €,335,>100 mln. €
809,809,UAB „Topo grupė“,2242 €,335,>100 mln. €
810,810,UAB „Strielčių lentpjūvė“,2273 €,42,3-5 mln. €
811,811,UAB „Narbutas International“,2250 €,1631,>100 mln. €
812,812,UAB „Strielčių lentpjūvė“,2273 €,42,3-5 mln. €
813,813,UAB „Topo grupė“,2242 €,335,>100 mln. €
814,814,UAB „Topo grupė“,2242 €,335,>100 mln. €
815,815,UAB „Topo grupė“,2242 €,335,>100 mln. €
816,816,UAB „TELE2“,16050 €,148,>100 mln. €
817,817,Amber Food grupė,,,
818,818,UAB „ISS Lietuva“,2374 €,316,10-20 mln. €
819,819,MB „Human Capital Center“,,,
820,820,UAB „ARADAS“,2476 €,77,10-20 mln. €
821,821,UAB „FL Technics“,4142 €,1174,>100 mln. €
822,822,UAB „KESKO SENUKAI LITHUANIA“,2059 €,2834,>100 mln. €
823,823,UAB „Global Snus“,3637 €,60,2-3 mln. €
824,824,UAB „Ermitažas“,1839 €,666,>100 mln. €
825,825,UAB „Ermitažas“,1839 €,666,>100 mln. €
826,826,UAB „BALTIC FREIGHT SERVICES“,2913 €,13,3-5 mln. €
827,827,UAB „Emironas“,3068 €,32,20-30 mln. €
828,828,UAB Emplonet,,,
829,829,UAB Emplonet,,,
830,830,AB „Kelių priežiūra“,2389 €,2106,>100 mln. €
831,831,UAB „KESKO SENUKAI LITHUANIA“,2059 €,2834,>100 mln. €
832,832,UAB „SPORTLAND LT“,1408 €,473,50-100 mln. €
833,833,UAB „Jaukurai“,2561 €,76,20-30 mln. €
834,834,UAB „Sanum medicale“,1851 €,64,1-2 mln. €
835,835,UAB „Sanum medicale“,1851 €,64,1-2 mln. €
836,836,UAB „Veiklos Valdymo Sprendimai“,,,
837,837,AB „ITAB Lithuania“,3159 €,153,10-20 mln. €
838,838,"EVERWEST, UAB",,,
839,839,EPSO-G grupė,,,
840,840,UAB „Guidehouse Lithuania“,3611 €,472,5-10 mln. €
841,841,UAB „FL Technics“,4142 €,1174,>100 mln. €
842,842,UAB „DocLogix“,3219 €,39,1-2 mln. €
843,843,UAB „LOOP Holding“,1933 €,106,5-10 mln. €
844,844,UAB „VARLE“,,,
845,845,Oxylabs,,,
846,846,"Danbalt International, UAB",,,
847,847,UAB „Staticus“,3343 €,549,50-100 mln. €
848,848,Capital Turtas,742 €,6,200-300 tūkst. €
849,849,"Daily Spaces, UAB",1026 €,354,5-10 mln. €
850,850,UAB „Pigu“,3447 €,465,>100 mln. €
851,851,UAB „Transimeksa“,,,
852,852,UAB „LOOP Holding“,1933 €,106,5-10 mln. €
853,853,Ūkininkas Vidmantas Kvedaras,,,
854,854,UAB „Tymkor“,,,
855,855,UAB „Įdarbinimo tarpininkavimo centras“,,,
856,856,UAB „Ordo“,2006 €,53,3-5 mln. €
857,857,"Aukso gija, UAB",2303 €,11,1-2 mln. €
858,858,UAB „ISS Lietuva“,2374 €,316,10-20 mln. €
859,859,GTV Trading,1643 €,40,5-10 mln. €
860,860,Inchcape Lithuania,3123 €,164,>100 mln. €
861,861,UAB „Jungle Monkeyz“,1786 €,11,0 -5 tūkst. €
862,862,UAB „Retiva“,,,
863,863,Talent Lab,,,
864,864,UAB „JYSK BALTIC“,1450 €,249,30-50 mln. €
865,865,UAB „Guidehouse Lithuania“,3611 €,472,5-10 mln. €
866,866,UAB „Manpower Lit“,,,
867,867,UAB „Odontologijos paslaugų centras“,1158 €,14,500 tūkst.-1 mln. €
868,868,UAB „Obelių grupė“ įmonių grupė,,,
869,869,UAB „Circle K Lietuva“,1848 €,971,>100 mln. €
870,870,UAB „Obelių grupė“ įmonių grupė,,,
871,871,UAB „MPM INTERNATIONAL“,2268 €,277,10-20 mln. €
872,872,UAB „MPM INTERNATIONAL“,2268 €,277,10-20 mln. €
873,873,UAB „Solar Plant“,,6,2-3 mln. €
874,874,UAB „Alter Domus Lithuania“,5925 €,441,10-20 mln. €
875,875,Workon ApS,,,
876,876,UAB „Alter Domus Lithuania“,5925 €,441,10-20 mln. €
877,877,UAB „Personalo valdymo sistemos“,,,
878,878,TrusTek OÜ,,,
879,879,UAB „Personalo valdymo sistemos“,,,
880,880,UAB „Gerbūvio projektai“,1960 €,31,5-10 mln. €
881,881,UAB „Peikko Lietuva“,3060 €,335,30-50 mln. €
882,882,Citco Group of Companies,,,
883,883,Gi Group Lithuania,,,
884,884,UAB „Norvanta ir Ko“,1006 €,9,200-300 tūkst. €
885,885,UAB „Vlantana“,,,
886,886,PALMA MANAGEMENT SL,,,
887,887,"Stontech, UAB",2811 €,6,50-100 tūkst. €
888,888,UAB „JTI Baltic“,25153 €,41,10-20 mln. €
889,889,UAB „JTI Baltic“,25153 €,41,10-20 mln. €
890,890,UAB „Continental Automotive Lithuania“,3149 €,533,>100 mln. €
891,891,UAB „GINESTRA“,2870 €,127,20-30 mln. €
892,892,"Danbalt International, UAB",,,
893,893,UAB „CV Group“,4905 €,158,30-50 mln. €
894,894,"Johnson Matthey Global Business Services Lithuania, UAB",5273 €,251,
895,895,Grupė BADS - Auto EDU,2304 €,19,2-3 mln. €
896,896,SBA Grupė,,,
897,897,UAB „Longo Shared Services“,1610 €,75,5-10 mln. €
898,898,"TELTONIKA EMS, UAB",3797 €,823,>100 mln. €
899,899,"TELTONIKA EMS, UAB",3797 €,823,>100 mln. €
900,900,UAB Gricius logistics,2034 €,165,30-50 mln. €
901,901,Thermo Fisher Scientific,7224 €,1512,>100 mln. €
902,902,UAB „Guidehouse Lithuania“,3611 €,472,5-10 mln. €
903,903,UAB „Esemda“,3907 €,108,10-20 mln. €
904,904,UAB „Baltic Digital Printing“,2436 €,65,3-5 mln. €
905,905,Atranka360,,,
906,906,UAB „Italiana LT“,2674 €,42,5-10 mln. €
907,907,UAB „Augma“,2263 €,125,50-100 mln. €
908,908,UAB „Augma“,2263 €,125,50-100 mln. €
909,909,UAB „Valentis“,2720 €,160,30-50 mln. €
910,910,AB „Lietuvos veislininkystė“,2947 €,14,2-3 mln. €
911,911,UAB „ZORE“,1590 €,55,2-3 mln. €
912,912,Atranka360,,,
913,913,UAB „Tymkor“,,,
914,914,UAB „Tymkor“,,,
915,915,MB „Statymo sprendimai“,1322 €,10,200-300 tūkst. €
916,916,UAB „RIMI LIETUVA“,,,
917,917,TMV Capital įmonių grupė,,,
918,918,UAB „Klaipėdos duona“,1628 €,188,10-20 mln. €
919,919,AB „Pieno žvaigždės“,3486 €,202,>100 mln. €
920,920,MB „Tvarus būstas“,2495 €,8,300-500 tūkst. €
921,921,UAB „Kauno loftas“,1638 €,40,1-2 mln. €
922,922,K. Geco prekybos įmonė,1984 €,144,5-10 mln. €
923,923,UAB „Teisingi sprendimai verslui“,2788 €,10,300-500 tūkst. €
924,924,UAB „Deivina“,1092 €,13,500 tūkst.-1 mln. €
925,925,UAB „Natūralios idėjos“,1985 €,12,1-2 mln. €
926,926,Telia,,1741,>100 mln. €
927,927,UAB „Nunas“,2076 €,38,300-500 tūkst. €
928,928,UAB „Logichema“,3749 €,6,3-5 mln. €
929,929,UAB „Jozita“,1399 €,225,>100 mln. €
930,930,UAB „RMD Linija“,2290 €,9,300-500 tūkst. €
931,931,UAB „AUTOBLEIDAS“,1369 €,22,1-2 mln. €
932,932,UAB „Jugum“,,,
933,933,UAB „Jugum“,,,
934,934,UAB „Jugum“,,,
935,935,Ignitis grupė,,,
936,936,Ignitis grupė,,,
937,937,IKEA Vilnius,1975 €,704,>100 mln. €
938,938,UAB „FL Technics“,4142 €,1174,>100 mln. €
939,939,UAB „cargoGO Logistics“,3910 €,135,50-100 mln. €
940,940,UAB koncernas „Achemos grupė“,,,
941,941,AB „LIETUVOS DRAUDIMAS“,7066 €,935,>100 mln. €
942,942,AB „LIETUVOS DRAUDIMAS“,7066 €,935,>100 mln. €
943,943,UAB „ASERA“,2013 €,6,3-5 mln. €
944,944,"IKI Lietuva, UAB",1670 €,5461,>100 mln. €
945,945,"MK Electrical Invest, MB",1914 €,43,1-2 mln. €
946,946,UAB „Indigroup“,,,
947,947,"IKI Lietuva, UAB",1670 €,5461,>100 mln. €
948,948,UAB „Step master“,2615 €,59,5-10 mln. €
949,949,UAB Sveikatos centras „Energetikas“,1619 €,65,3-5 mln. €
950,950,"IKI Lietuva, UAB",1670 €,5461,>100 mln. €
951,951,PHOENIX Business Services UAB,3032 €,152,5-10 mln. €
952,952,UAB „Ekonovus“,2365 €,681,30-50 mln. €
953,953,UAB Sveikatos centras „Energetikas“,1619 €,65,3-5 mln. €
954,954,Citco Group of Companies,,,
955,955,UAB Emplonet,,,
956,956,UAB Emplonet,,,
957,957,UAB „MAXIMA International Sourcing“,3292 €,144,>100 mln. €
958,958,UAB koncernas „Achemos grupė“,,,
959,959,UAB koncernas „Achemos grupė“,,,
960,960,"Life 4 Laptop, UAB",1286 €,12,500 tūkst.-1 mln. €
961,961,UAB „Kamikadzė“,1224 €,8,300-500 tūkst. €
962,962,,,,
963,963,UAB „EKKO LT“,1722 €,9,2-3 mln. €
964,964,UAB „Vaikystės stebuklas“,1602 €,61,1-2 mln. €
965,965,UAB „LITCARGUS“,2302 €,407,10-20 mln. €
966,966,UAB „FL Technics“,4142 €,1174,>100 mln. €
967,967,UAB „NFQ Technologies“,4968 €,239,20-30 mln. €
968,968,Western Union Lithuania ~ European Regional Operations Center,3783 €,1060,50-100 mln. €
969,969,AB „LIETUVOS DRAUDIMAS“,7066 €,935,>100 mln. €
970,970,AB „LIETUVOS DRAUDIMAS“,7066 €,935,>100 mln. €
971,971,AB „LIETUVOS DRAUDIMAS“,7066 €,935,>100 mln. €
972,972,AB „LIETUVOS DRAUDIMAS“,7066 €,935,>100 mln. €
973,973,"Pon Bike Lithuania, UAB",3152 €,187,
974,974,UAB „LJ78“,1008 €,61,2-3 mln. €
975,975,UAB „360 Arena“,1498 €,31,
976,976,MB Esolis,2442 €,10,1-2 mln. €
977,977,"EVRC, UAB",,,
978,978,UAB Bosas Group,2700 €,15,1-2 mln. €
979,979,UAB Bosas Group,2700 €,15,1-2 mln. €
980,980,UAB Bosas Group,2700 €,15,1-2 mln. €
981,981,UAB „Trakų autocentras“,997 €,4,300-500 tūkst. €
982,982,UAB „Novian Technologies“,3329 €,89,20-30 mln. €
983,983,Elja,,,
984,984,„Vičiūnų“ įmonių grupė,,,
985,985,UAB „Manpower Lit“,,,
986,986,UAB „Manpower Lit“,,,
987,987,UAB „Manpower Lit“,,,
988,988,Ignitis grupė,,,
989,989,Ignitis grupė,,,
990,990,Ignitis grupė,,,
991,991,Ignitis grupė,,,
992,992,UAB „Hautica“,3004 €,364,30-50 mln. €
993,993,VšĮ Palangos vaikų reabilitacijos sanatorija „Palangos gintaras“,2275 €,221,
994,994,AB „Klaipėdos pienas“,2755 €,155,10-20 mln. €
995,995,UAB „FPI Baltic“,2699 €,137,10-20 mln. €
996,996,UAB „Ekogiria“,2457 €,26,2-3 mln. €
997,997,UAB „Įdarbinimo tarpininkavimo centras“,,,
998,998,"IKI Lietuva, UAB",1670 €,5461,>100 mln. €
999,999,UAB „Įdarbinimo tarpininkavimo centras“,,,
1000,1000,UAB „Vlantana“,,,
1001,1001,UAB „ASERA“,2013 €,6,3-5 mln. €
1002,1002,Sorbum Group,,,
1003,1003,UAB „Saurida“,1335 €,256,50-100 mln. €
1004,1004,ICECO įmonių grupė,,,
1005,1005,ICECO įmonių grupė,,,
1006,1006,UAB „cargoGO Logistics“,3910 €,135,50-100 mln. €
1007,1007,Sorbum Group,,,
1008,1008,A. Zakaro firma IĮ,1945 €,165,20-30 mln. €
1009,1009,"Vikonda grupė, UAB",,,
1010,1010,"Travel Retail Vilnius, UAB",2458 €,128,30-50 mln. €
1011,1011,MB Timberhus,1848 €,14,200-300 tūkst. €
1012,1012,UAB „Žemtiekimas“,2908 €,65,10-20 mln. €
1013,1013,UAB „Trust Project Services“,2889 €,63,20-30 mln. €
1014,1014,UAB „Transtira“,2902 €,198,20-30 mln. €
1015,1015,UAB „Trust Project Services“,2889 €,63,20-30 mln. €
1016,1016,UAB „Transtira“,2902 €,198,20-30 mln. €
1017,1017,UAB „Transtira“,2902 €,198,20-30 mln. €
1018,1018,UAB „NB eco“,2264 €,157,10-20 mln. €
1019,1019,Hegelmann Group,2031 €,1006,>100 mln. €
1020,1020,EOLTAS grupė,,,
1021,1021,AB Artea bankas,3102 €,1126,>100 mln. €
1022,1022,AB Artea bankas,3102 €,1126,>100 mln. €
1023,1023,UAB Emplonet,,,
1024,1024,UAB „Peikko Lietuva“,3060 €,335,30-50 mln. €
1025,1025,"IKI Lietuva, UAB",1670 €,5461,>100 mln. €
1026,1026,UAB „Omberg group“,6905 €,24,1-2 mln. €
1027,1027,UAB „Omberg group“,6905 €,24,1-2 mln. €
1028,1028,SBA Grupė,,,
1029,1029,UAB „Personalo valdymo inovacijos“,,,
1030,1030,HESBURGER,1461 €,921,10-20 mln. €
1031,1031,UAB „Projektana“,3711 €,277,30-50 mln. €
1032,1032,UAB „Projektana“,3711 €,277,30-50 mln. €
1033,1033,UAB „Personalo valdymo inovacijos“,,,
1034,1034,SIA „HR Line EU“,,,
1035,1035,UAB „Auteks“,2325 €,142,50-100 mln. €
1036,1036,UAB „Inovatyvūs restoranai“,1860 €,237,10-20 mln. €
1037,1037,UAB „Jogusta“,934 €,4,100-200 tūkst. €
1038,1038,VšĮ Marijampolės turizmo ir verslo informacinis centras „SMART Marijampolė“,,3,
1039,1039,"Airomi, MB",945 €,13,50-100 tūkst. €
1040,1040,UAB „Adpakas“,1716 €,7,200-300 tūkst. €
1041,1041,UAB „Mimeta“,2263 €,71,30-50 mln. €
1042,1042,UAB „MAXIMA LT“,1593 €,11359,>100 mln. €
1043,1043,UAB „KARERA“,3266 €,12,2-3 mln. €
1044,1044,UAB „Autoera“,1679 €,109,10-20 mln. €
1045,1045,"STFF Stafferty, UAB",,,
1046,1046,"STFF Stafferty, UAB",,,
1047,1047,UAB „COWI Lietuva“,3716 €,309,10-20 mln. €
1048,1048,UAB „ZAUKOS TRANSPORTAS“,1753 €,148,5-10 mln. €
1049,1049,UAB „SRS SERVISAS“,2854 €,240,30-50 mln. €
1050,1050,UAB „COWI Lietuva“,3716 €,309,10-20 mln. €
1051,1051,UAB „COWI Lietuva“,3716 €,309,10-20 mln. €
1052,1052,UAB „Kauno loftas“,1638 €,40,1-2 mln. €
1053,1053,Ignitis grupė,,,
1054,1054,UAB „Europinių kortelių servisas“,4650 €,52,50-100 mln. €
1055,1055,UAB „Vejestra“,,,
1056,1056,UAB „Grainmore“,2877 €,120,20-30 mln. €
1057,1057,SBA Grupė,,,
1058,1058,UAB „SMT Group“,1766 €,9,500 tūkst.-1 mln. €
1059,1059,UAB „Apex Alliance Hotel Management“,5112 €,34,3-5 mln. €
1060,1060,UAB „Nordic Idea“,2305 €,109,5-10 mln. €
1061,1061,Sorbum Group,,,
1062,1062,Amber Food grupė,,,
1063,1063,UAB „Nemuno banga“,,570,>100 mln. €
1064,1064,AB „LIETUVOS DRAUDIMAS“,7066 €,935,>100 mln. €
1065,1065,UAB „Augma“,2263 €,125,50-100 mln. €
1066,1066,Amber Food grupė,,,
1067,1067,UAB „EGT LT“,2971 €,16,3-5 mln. €
1068,1068,UAB „DZŪKIJA“,1627 €,63,3-5 mln. €
1069,1069,UAB „Connective Media“,3822 €,7,500 tūkst.-1 mln. €
1070,1070,UAB „KURANA“,2735 €,112,30-50 mln. €
1071,1071,AB „Kauno grūdai“,2603 €,1281,>100 mln. €
1072,1072,UAB „VIGIDAS PACK“,2383 €,43,10-20 mln. €
1073,1073,UAB koncernas „Achemos grupė“,,,
1074,1074,"Aljansas AIBĖ, UAB",3139 €,86,30-50 mln. €
1075,1075,UAB „Vaikystės sodas“,1691 €,205,5-10 mln. €
1076,1076,Vero Cafe,1327 €,214,5-10 mln. €
1077,1077,Ignitis grupė,,,
1078,1078,EPSO-G grupė,,,
1079,1079,UAB „Kelionių panorama“,1831 €,15,500 tūkst.-1 mln. €
1080,1080,UAB „BTT Group“,3887 €,94,10-20 mln. €
1081,1081,UAB „Technogaja“,2382 €,140,10-20 mln. €
1082,1082,Citco Group of Companies,,,
1083,1083,UAB „Manpower Lit“,,,
1084,1084,Citco Group of Companies,,,
1085,1085,UAB „PakMarkas“,2843 €,179,20-30 mln. €
1086,1086,UAB „Lino Taparausko firma“,2049 €,31,3-5 mln. €
1087,1087,UAB „Grežiniai“,1484 €,41,2-3 mln. €
1088,1088,Ignitis grupė,,,
1089,1089,McDonald's,1141 €,1232,50-100 mln. €
1090,1090,UAB „PROTINGI BALDAI“,1174 €,30,500 tūkst.-1 mln. €
1091,1091,UAB „GRIFS AG“,1304 €,1361,20-30 mln. €
1092,1092,MB „Projektų laboratorija“,826 €,9,200-300 tūkst. €
1093,1093,UAB „VEESLA“,4411 €,100,10-20 mln. €
1094,1094,„Vičiūnų“ įmonių grupė,,,
1095,1095,Nacionalinis kibernetinio saugumo centras prie KAM,3483 €,125,
1096,1096,UAB „AKIŲ LAZERINĖS CHIRURGIJOS CENTRAS“,2801 €,31,1-2 mln. €
1097,1097,EPSO-G grupė,,,
1098,1098,Sorbum Group,,,
1099,1099,UAB „Čia Market“,1511 €,533,30-50 mln. €
1100,1100,"„Grafton Lithuania“, UAB",,,
1101,1101,UAB „Vejestra“,,,
1102,1102,UAB „Greater Outdoors“,1614 €,50,5-10 mln. €
1103,1103,HPF group,,,
1104,1104,"4Cars, UAB",1716 €,76,2-3 mln. €
1105,1105,„Hirelabas“ įmonių grupė,,,
1106,1106,UAB „SANISTAL“,2791 €,85,20-30 mln. €
1107,1107,„Hirelabas“ įmonių grupė,,,
1108,1108,„Hirelabas“ įmonių grupė,,,
1109,1109,UAB „Karalienės Mortos mokykla“,2351 €,189,5-10 mln. €
1110,1110,UAB „Karalienės Mortos mokykla“,2351 €,189,5-10 mln. €
1111,1111,UAB „Karalienės Mortos mokykla“,2351 €,189,5-10 mln. €
1112,1112,"„Grafton Lithuania“, UAB",,,
1113,1113,UAB „Transtira“,2902 €,198,20-30 mln. €
1114,1114,UAB Zenko Lithuania,2480 €,250,5-10 mln. €
1115,1115,UAB „Ryto vėjas“,1930 €,43,2-3 mln. €
1116,1116,VšĮ „Augu kūrybingas“,2582 €,37,1-2 mln. €
1117,1117,UAB „Kamitra“ ir Ko,2690 €,122,10-20 mln. €
1118,1118,UAB Sinerpro,2188 €,6,50-100 tūkst. €
1119,1119,BTL Group,,,
1120,1120,UAB „DZŪKIJA“,1627 €,63,3-5 mln. €
1121,1121,UAB „FIMA“,4976 €,138,20-30 mln. €
1122,1122,Kauto,,,
1123,1123,Eglės sanatorija,1516 €,153,5-10 mln. €
1124,1124,AB Lietuvos paštas,1677 €,2542,50-100 mln. €
1125,1125,UAB „Edenred Finance“,5031 €,160,20-30 mln. €
1126,1126,UAB „Edenred Finance“,5031 €,160,20-30 mln. €
1127,1127,UAB „Superlon Baltic“,2054 €,59,5-10 mln. €
1128,1128,UAB „Insi pro“,1825 €,34,2-3 mln. €
1129,1129,UAB „LANEDA“,7367 €,35,10-20 mln. €
1130,1130,"TELTONIKA EMS, UAB",3797 €,823,>100 mln. €
1131,1131,UAB „Lidl Lietuva“,2225 €,2857,>100 mln. €
1132,1132,MB „Tvirtas sukibimas“,1765 €,9,1-2 mln. €
1133,1133,"UT Invest Group, UAB",2687 €,7,500 tūkst.-1 mln. €
1134,1134,UAB „Vanduo Marse“,2468 €,38,1-2 mln. €
1135,1135,,,,
1136,1136,HOBIJ International Work Force Sp z o.o.,,,
1137,1137,VšĮ „Katino dienelės“,1485 €,27,500 tūkst.-1 mln. €
1138,1138,„Hirelabas“ įmonių grupė,,,
1139,1139,UAB OTCF Lithuania,940 €,59,3-5 mln. €
1140,1140,„Hirelabas“ įmonių grupė,,,
1141,1141,„Hirelabas“ įmonių grupė,,,
1142,1142,"Constructions deal, MB",,11,500 tūkst.-1 mln. €
1143,1143,UAB „OPPA agentūra“,,2,50-100 tūkst. €
1144,1144,AB „Vilniaus paukštynas“,2450 €,1327,>100 mln. €
1145,1145,AB „Vilniaus paukštynas“,2450 €,1327,>100 mln. €
1146,1146,UAB „StrongPoint“,4014 €,173,20-30 mln. €
1147,1147,UAB „RNDV Holding“,3615 €,86,3-5 mln. €
1148,1148,UAB „KONFESTA“,1778 €,94,10-20 mln. €
1149,1149,UAB „TSPI“,3094 €,18,300-500 tūkst. €
1150,1150,AB „ŽEMAITIJOS PIENAS“,2633 €,1306,>100 mln. €
1151,1151,UAB „Vaikystės sodas“,1691 €,205,5-10 mln. €
1152,1152,MB „Tvirtas sukibimas“,1765 €,9,1-2 mln. €
1153,1153,UAB „Linksmoji virtuvė“,,,
1154,1154,UAB „Linksmoji virtuvė“,,,
1155,1155,UAB „Matesa“,1929 €,135,5-10 mln. €
1156,1156,UAB „Matesa“,1929 €,135,5-10 mln. €
1157,1157,UAB „ŠVYTURYS-UTENOS ALUS“,,,
1158,1158,UAB „ARMITANA“,1550 €,207,30-50 mln. €
1159,1159,"EVERWEST, UAB",,,
1160,1160,Inchcape Lithuania,3123 €,164,>100 mln. €
1161,1161,Sanitex įmonių grupė,,,
1162,1162,AB „ŽEMAITIJOS PIENAS“,2633 €,1306,>100 mln. €
1163,1163,UAB „Vairuojame.Lt mokymo centras“,1831 €,41,2-3 mln. €
1164,1164,ERGO,,,
1165,1165,UAB „FERN Group“,3602 €,40,
1166,1166,UAB „Lenrona“,1463 €,12,300-500 tūkst. €
1167,1167,UAB „FERN Group“,3602 €,40,
1168,1168,Atranka360,,,
1169,1169,UAB „Nagavita“,1561 €,14,1-2 mln. €
1170,1170,"IKI Lietuva, UAB",1670 €,5461,>100 mln. €
1171,1171,"IKI Lietuva, UAB",1670 €,5461,>100 mln. €
1172,1172,UAB „Architektų gildija“,2231 €,19,500 tūkst.-1 mln. €
1173,1173,UAB „Pigu perku group“,1735 €,24,3-5 mln. €
1174,1174,UAB „KILMINĖ“,,,
1175,1175,UAB „KILMINĖ“,,,
1176,1176,UAB „KILMINĖ“,,,
1177,1177,UAB „AR Maistas“,2130 €,37,3-5 mln. €
1178,1178,UAB „People Link“,,,
1179,1179,UAB „cargoGO Logistics“,3910 €,135,50-100 mln. €
1180,1180,UAB „Itališkas skonis“,1829 €,81,3-5 mln. €
1181,1181,„Vičiūnų“ įmonių grupė,,,
1182,1182,UAB „MD LT“,1860 €,66,1-2 mln. €
1183,1183,AB „Eurovia Lietuva“,5581 €,358,50-100 mln. €
1184,1184,VšĮ Lietuvos žemės ūkio konsultavimo tarnyba,2725 €,394,10-20 mln. €
1185,1185,UAB „Sporto dvasia“,1766 €,82,10-20 mln. €
1186,1186,UAB „KAUNO GELŽBETONIS“,1948 €,155,10-20 mln. €
1187,1187,UAB „Bitė Lietuva“,,894,>100 mln. €
1188,1188,UAB „KG Constructions Group“,2969 €,345,50-100 mln. €
1189,1189,"Restoranų Grupė Fortas, UAB",1811 €,346,10-20 mln. €
1190,1190,"TELTONIKA EMS, UAB",3797 €,823,>100 mln. €
1191,1191,"Restoranų Grupė Fortas, UAB",1811 €,346,10-20 mln. €
1192,1192,UAB „Mestilla“,3753 €,65,>100 mln. €
1193,1193,UAB „Olivia holding“,2891 €,60,5-10 tūkst. €
1194,1194,UAB „Poldma“,1693 €,82,5-10 mln. €
1195,1195,UAB FREDA II,2811 €,923,>100 mln. €
1196,1196,UAB „EX FACTORY JEWELRY“,2944 €,26,2-3 mln. €
1197,1197,"KIKA LT, UAB",2078 €,365,50-100 mln. €
1198,1198,UAB „Marcopol Baltija“,3296 €,39,5-10 mln. €
1199,1199,EY,3443 €,403,30-50 mln. €
1200,1200,EY,3443 €,403,30-50 mln. €
1201,1201,UAB „Europinių kortelių servisas“,4650 €,52,50-100 mln. €
1202,1202,UAB „OK transportas“,2014 €,291,20-30 mln. €
1203,1203,UAB „Viltechmeda“,,138,20-30 mln. €
1204,1204,"Aljansas AIBĖ, UAB",3139 €,86,30-50 mln. €
1205,1205,LTK Food Group,,,
1206,1206,UAB „OGTRANSA“,2034 €,93,3-5 mln. €
1207,1207,ADB „Gjensidige“,3248 €,427,50-100 mln. €
1208,1208,AB „Kelių priežiūra“,2389 €,2110,>100 mln. €
1209,1209,UAB „PERSONALO SPRENDIMAI“,,,
1210,1210,UAB „CSUB LT“,2768 €,121,10-20 mln. €
1211,1211,ATEA grupė,,,
1212,1212,UAB „Personalas“,,,
1213,1213,UAB „ALTA transportas“,1805 €,213,10-20 mln. €
1214,1214,UAB „ALTA transportas“,1805 €,213,10-20 mln. €
1215,1215,UAB „PROFRUIT MACHINERY“,,,
1216,1216,UAB „Ugnivita“,,5,300-500 tūkst. €
1217,1217,UAB „Manpower Lit“,,,
1218,1218,AUDIMAS įmonių grupė,,,
1219,1219,UAB „Lemora“,7237 €,226,>100 mln. €
1220,1220,UAB „STOVA“,3488 €,55,10-20 mln. €
1221,1221,UAB Emplonet,,,
1222,1222,,,,
1223,1223,UAB Emplonet,,,
1224,1224,UAB „Įdarbinimo tarpininkavimo centras“,,,
1225,1225,UAB „Granex“,2469 €,109,10-20 mln. €
1226,1226,UAB „Apskaita visiems“,3436 €,19,500 tūkst.-1 mln. €
1227,1227,„Aprangos“ grupė,1930 €,809,>100 mln. €
1228,1228,UAB Omega 365 Lithuania,4459 €,92,3-5 mln. €
1229,1229,UAB „Litvalda“,3501 €,40,500 tūkst.-1 mln. €
1230,1230,UAB „Volflita“,2058 €,64,5-10 mln. €
1231,1231,BRANDINC JEWELLERY Sp. z o.o. Lietuvos filialas,1570 €,61,
1232,1232,UAB „HOMANIT LIETUVA“,3050 €,137,
1233,1233,"GF bankas, UAB",,147,
1234,1234,UAB „Bolivija“,2250 €,97,2-3 mln. €
1235,1235,Skycop,4457 €,48,1-2 mln. €
1236,1236,UAB „Dzūkijos Agrocentras“,911 €,17,300-500 tūkst. €
1237,1237,AB „Klaipėdos vanduo“,3762 €,337,20-30 mln. €
1238,1238,UAB „Pandos“,2925 €,242,20-30 mln. €
1239,1239,Atranka360,,,
1240,1240,UAB „Pandos“,2925 €,242,20-30 mln. €
1241,1241,UADBB „GrECo Sagauta“,8432 €,70,5-10 mln. €
1242,1242,UAB „Juoda juoda“,1386 €,40,1-2 mln. €
1243,1243,Amber Food grupė,,,
1244,1244,Lietuvos ir Vokietijos UAB „Stevila“,2754 €,180,10-20 mln. €
1245,1245,UAB „LPP LITHUANIA“,1617 €,614,50-100 mln. €
1246,1246,UAB „Olivia holding“,2891 €,60,5-10 tūkst. €
1247,1247,Marino,,,
1248,1248,AB „CRANBALT“,2706 €,52,5-10 mln. €
1249,1249,UAB „Telekonta“,2801 €,56,5-10 mln. €
1250,1250,Marino,,,
1251,1251,UAB „Narbutas International“,2250 €,1631,>100 mln. €
1252,1252,UAB „Narbutas International“,2250 €,1631,>100 mln. €
1253,1253,UAB „Narbutas International“,2250 €,1631,>100 mln. €
1254,1254,AB Lietuvos paštas,1677 €,2542,50-100 mln. €
1255,1255,UAB „Nauji verslo projektai“,1949 €,151,5-10 mln. €
1256,1256,UAB „INTER CARS LIETUVA“,3661 €,75,>100 mln. €
1257,1257,UAB Sinerpro,2188 €,6,50-100 tūkst. €
1258,1258,UAB „Altas komercinis transportas“,,,
1259,1259,UAB „STIKLITA VILNIUS“,2413 €,41,5-10 mln. €
1260,1260,UAB „CCC Lithuania“,2328 €,86,1-2 mln. €
1261,1261,UAB „Cramo“,6890 €,173,20-30 mln. €
1262,1262,UAB „Litvija“,1638 €,77,5-10 mln. €
1263,1263,,,,
1264,1264,UAB „Olivia holding“,2891 €,60,5-10 tūkst. €
1265,1265,UAB „BLEIRAS LOGISTICS“,2535 €,1194,>100 mln. €
1266,1266,UAB „OLYMPIC CASINO GROUP BALTIJA“,,336,30-50 mln. €
1267,1267,"IKI Lietuva, UAB",1670 €,5461,>100 mln. €
1268,1268,"IKI Lietuva, UAB",1670 €,5461,>100 mln. €
1269,1269,Grigeo įmonių grupė,,,
1270,1270,Ramirent Baltic AS Vilniaus filialas,,,
1271,1271,UAB „People Link“,,,
1272,1272,UAB „Hautica“,3004 €,364,30-50 mln. €
1273,1273,UAB „Longo Shared Services“,1610 €,75,5-10 mln. €
1274,1274,UAB Emplonet,,,
1275,1275,MV GROUP,,,
1276,1276,VšĮ Lietuvos energetikos agentūra,2757 €,118,20-30 mln. €
1277,1277,UAB „Besko LT“,2900 €,68,10-20 mln. €
1278,1278,UAB „PORIX“,2375 €,12,500 tūkst.-1 mln. €
1279,1279,UAB „Magnum Veterinarija“,4073 €,25,10-20 mln. €
1280,1280,UAB „Kitron“,,,
1281,1281,UAB „TAŠKIUS“,1875 €,47,1-2 mln. €
1282,1282,UAB „Arte Domestica“,4998 €,29,30-50 mln. €
1283,1283,Prancūzijos ambasada Lietuvoje,,,
1284,1284,UAB „Senamiesčio spaustuvė“,2364 €,16,5-10 mln. €
1285,1285,UAB „ISS Lietuva“,2374 €,317,10-20 mln. €
1286,1286,"STFF Stafferty, UAB",,,
1287,1287,UAB Betono centras,2807 €,172,50-100 mln. €
1288,1288,UAB „SODBETA“,2112 €,66,5-10 mln. €
1289,1289,UAB „Metalas ir mediena“,2695 €,582,30-50 mln. €
1290,1290,UAB Baltic Cranes Engineering,2192 €,10,3-5 mln. €
1291,1291,UAB „Royal Silk Road“,,,
1292,1292,UAB „Kavos era“,1426 €,34,500 tūkst.-1 mln. €
1293,1293,UAB „NFQ Technologies“,4968 €,239,20-30 mln. €
1294,1294,"Simple food, MB",,3,50-100 tūkst. €
1295,1295,UAB „LTP“,2197 €,294,30-50 mln. €
1296,1296,UAB „Personalo valdymo sistemos“,,,
1297,1297,UAB „Personalo valdymo sistemos“,,,
1298,1298,SARGENT LOGISTICS INC,,,
1299,1299,SBA Grupė,,,
1300,1300,UAB „Vitlaima“,3049 €,339,50-100 mln. €
1301,1301,UAB „Vitlaima“,3049 €,339,50-100 mln. €
1302,1302,UAB „Vitlaima“,3049 €,339,50-100 mln. €
1303,1303,UAB „Mūsų vizija“,647 €,11,300-500 tūkst. €
1304,1304,UAB „TELE2“,16050 €,148,>100 mln. €
1305,1305,UAB „PAROC“,5387 €,262,50-100 mln. €
1306,1306,UADBB „Aon Baltic“,10303 €,210,30-50 mln. €
1307,1307,UAB „TELE2“,16050 €,148,>100 mln. €
1308,1308,Girteka įmonių grupė,4109 €,427,30-50 mln. €
1309,1309,UAB DELSKA Lithuania,3768 €,28,5-10 mln. €
1310,1310,UAB „Makskonis“,1454 €,31,500 tūkst.-1 mln. €
1311,1311,UAB „Armando grupė“,,,
1312,1312,UAB „Evelkas“,2227 €,61,5-10 mln. €
1313,1313,UAB „DMK LT“,3071 €,85,5-10 mln. €
1314,1314,UAB „Delorus“,1715 €,19,200-300 tūkst. €
1315,1315,UAB „Liuks“,1287 €,8,100-200 tūkst. €
1316,1316,AB „Kauno energija“,,,
1317,1317,UAB „AUTOVESTA“,2235 €,186,10-20 mln. €
1318,1318,SBA Grupė,,,
1319,1319,UAB „STOVA“,3488 €,55,10-20 mln. €
1320,1320,Ignitis grupė,,,
1321,1321,UAB „TĘSTINIŲ MOKYMŲ CENTRAS“,3831 €,15,2-3 mln. €
1322,1322,"Restoranų Grupė Fortas, UAB",1811 €,346,10-20 mln. €
1323,1323,UAB „JYSK BALTIC“,1450 €,249,30-50 mln. €
1324,1324,UAB „Dantų centras“,2771 €,42,2-3 mln. €
1325,1325,UAB „Intellectus kalbų centras“,2637 €,29,2-3 mln. €
1326,1326,UAB „Intellectus kalbų centras“,2637 €,29,2-3 mln. €
1327,1327,Oxylabs,,,
1328,1328,UAB „Biržų duona“,1884 €,447,20-30 mln. €
1329,1329,AB „Kauno grūdai“,2603 €,1281,>100 mln. €
1330,1330,UAB „Manvesta“,2464 €,2599,>100 mln. €
1331,1331,UAB „INFES“,2232 €,474,>100 mln. €
1332,1332,UAB „People Link“,,,
1333,1333,UAB „INFES“,2232 €,474,>100 mln. €
1334,1334,UAB „Genys“,2619 €,101,5-10 mln. €
1335,1335,UAB „INFES“,2232 €,474,>100 mln. €
1336,1336,LTG,,,
1337,1337,UAB „People Link“,,,
1338,1338,UAB „Įdarbinimo tarpininkavimo centras“,,,
1339,1339,UAB „VET-1“,1880 €,245,20-30 mln. €
1340,1340,"Restoranų Grupė Fortas, UAB",1811 €,346,10-20 mln. €
1341,1341,UAB „Aros Marine“,2274 €,333,30-50 mln. €
1342,1342,UAB „INFES“,2232 €,474,>100 mln. €
1343,1343,UAB „PZU Lietuva gyvybės draudimas“,2937 €,82,20-30 mln. €
1344,1344,UAB „Aplan“,2685 €,105,3-5 mln. €
1345,1345,UAB „A-PAK“,2787 €,70,5-10 mln. €
1346,1346,UAB „Vytrita“,2897 €,327,30-50 mln. €
1347,1347,UAB „Konventa“,,4,200-300 tūkst. €
1348,1348,UAB „Šypsenos akademija“,2702 €,296,5-10 mln. €
1349,1349,UAB „Smagus“,1508 €,19,1-2 mln. €
1350,1350,UAB „CV line“,,,
1351,1351,UAB „ODA LT“,2400 €,23,1-2 mln. €
1352,1352,AB „PST Group“,3183 €,267,50-100 mln. €
1353,1353,EY,3443 €,403,30-50 mln. €
1354,1354,EY,3443 €,403,30-50 mln. €
1355,1355,EY,3443 €,403,30-50 mln. €
1356,1356,EY,3443 €,403,30-50 mln. €
1357,1357,EY,3443 €,403,30-50 mln. €
1358,1358,EY,3443 €,403,30-50 mln. €
1359,1359,EY,3443 €,403,30-50 mln. €
1360,1360,EY,3443 €,403,30-50 mln. €
1361,1361,UAB „ALI šokoladinė“,1581 €,92,3-5 mln. €
1362,1362,,,,
1363,1363,UAB „Resursas“,3164 €,351,20-30 mln. €
1364,1364,AQ Wiring Systems UAB,2158 €,1193,50-100 mln. €
1365,1365,UAB „LANKSTI LINIJA“,2217 €,252,20-30 mln. €
1366,1366,SBA Grupė,,,
1367,1367,SBA Grupė,,,
1368,1368,VMGcorp,,,
1369,1369,AB Vakarų laivų gamykla,3198 €,158,20-30 mln. €
1370,1370,UAB „Kauno loftas“,1638 €,40,1-2 mln. €
1371,1371,UAB „Kauno loftas“,1638 €,40,1-2 mln. €
1372,1372,UAB „Kauno loftas“,1638 €,40,1-2 mln. €
1373,1373,UAB „Kauno loftas“,1638 €,40,1-2 mln. €
1374,1374,UAB „Kauno loftas“,1638 €,40,1-2 mln. €
1375,1375,Ignitis grupė,,,
1376,1376,UAB „GetJet Airlines“,3752 €,165,>100 mln. €
1377,1377,UAB „GetJet Airlines“,3752 €,165,>100 mln. €
1378,1378,UAB „GetJet Airlines“,3752 €,165,>100 mln. €
1379,1379,UAB „GetJet Airlines“,3752 €,165,>100 mln. €
1380,1380,EY,3443 €,403,30-50 mln. €
1381,1381,EY,3443 €,403,30-50 mln. €
1382,1382,Oxylabs,,,
1383,1383,UAB „BLEIRAS LOGISTICS“,2535 €,1194,>100 mln. €
1384,1384,UAB „Lidl Lietuva“,2225 €,2853,>100 mln. €
1385,1385,UAB „Lidl Lietuva“,2225 €,2853,>100 mln. €
1386,1386,UAB „Lidl Lietuva“,2225 €,2853,>100 mln. €
1387,1387,UAB „Global Scaffolders“,,,
1388,1388,UAB „Litana ir Ko“,3383 €,123,30-50 mln. €
1389,1389,UAB „Vision Express“,,,
1390,1390,UAB „LPP LITHUANIA“,1617 €,614,50-100 mln. €
1391,1391,AB „Volfas Engelman“,3186 €,301,50-100 mln. €
1392,1392,UAB „Inovatyvūs restoranai“,1860 €,237,10-20 mln. €
1393,1393,AB „ŽEMAITIJOS PIENAS“,2633 €,1305,>100 mln. €
1394,1394,UAB „Global Scaffolders“,,,
1395,1395,UAB „ALI šokoladinė“,1581 €,92,3-5 mln. €
1396,1396,UAB „SAKRET LT“,2721 €,34,5-10 mln. €
1397,1397,"„Grafton Lithuania“, UAB",,,
1398,1398,Nacionalinis kibernetinio saugumo centras prie KAM,3483 €,125,
1399,1399,UAB „AMBER GROUP“,1321 €,13,500 tūkst.-1 mln. €
1400,1400,UAB „BIOGROUP BALTICS“,7010 €,11,300-500 tūkst. €
1401,1401,Telia,,1741,>100 mln. €
1402,1402,UAB „ELTAKA“,2209 €,94,5-10 mln. €
1403,1403,AB „Volfas Engelman“,3186 €,301,50-100 mln. €
1404,1404,"„Grafton Lithuania“, UAB",,,
1405,1405,UAB „Longo Shared Services“,1610 €,75,5-10 mln. €
1406,1406,Citco Group of Companies,,,
1407,1407,UAB „Statmax“,,,
1408,1408,UAB „Delano“,1619 €,558,30-50 mln. €
1409,1409,"Megavalda, UAB",1337 €,12,500 tūkst.-1 mln. €
1410,1410,UAB „Media partner“,2991 €,19,5-10 mln. €
1411,1411,UAB „Lidl Lietuva“,2225 €,2853,>100 mln. €
1412,1412,UAB „Lidl Lietuva“,2225 €,2853,>100 mln. €
1413,1413,UAB „FREOR LT“,,,
1414,1414,UAB „Kosmelita“,,,
1415,1415,Vaiko raidos klinika,1995 €,23,1-2 mln. €
1416,1416,Amber Food grupė,,,
1417,1417,GTV Trading,1643 €,40,5-10 mln. €
1418,1418,Amber Food grupė,,,
1419,1419,Amber Food grupė,,,
1420,1420,,,,
1421,1421,UAB „Caverion Lietuva“,2887 €,395,30-50 mln. €
1422,1422,UAB „Medienos era“,2816 €,28,5-10 mln. €
1423,1423,Įmonių grupė LAVANGO,,,
1424,1424,UAB „Esperanza Resort“,2023 €,17,0 -5 tūkst. €
1425,1425,UAB „Schmitz Cargobull Baltic“,2592 €,602,>100 mln. €
1426,1426,,,,
1427,1427,Shift4 Payments Lithuania UAB,3843 €,556,20-30 mln. €
1428,1428,UAB „Kūbas“,2062 €,252,10-20 mln. €
1429,1429,UAB „Ronelda“,1971 €,63,3-5 mln. €
1430,1430,UAB SKUBA,3531 €,197,>100 mln. €
1431,1431,UAB „PKC Group Lithuania“,1652 €,1728,50-100 mln. €
1432,1432,UAB „RIMI LIETUVA“,,,
1433,1433,UAB „KEMEK Engineering“,,69,5-10 mln. €
1434,1434,Oxylabs,,,
1435,1435,SBA Grupė,,,
1436,1436,UAB „Balticsofa“,,420,30-50 mln. €
1437,1437,AB „Lytagra“,2186 €,700,>100 mln. €
1438,1438,UAB „Jugum“,,,
1439,1439,UAB „Įdarbinimo tarpininkavimo centras“,,,
1440,1440,UAB „Lidl Lietuva“,2225 €,2853,>100 mln. €
1441,1441,UAB „Lidl Lietuva“,2225 €,2853,>100 mln. €
1442,1442,UAB „Lidl Lietuva“,2225 €,2853,>100 mln. €
1443,1443,Gi Group Lithuania,,,
1444,1444,UAB „Švarus pasaulis“,,,
1445,1445,UAB „Ekonovus“,2365 €,683,30-50 mln. €
1446,1446,UAB „Ryterna group“,,,
1447,1447,UAB „Mardena“,,7,200-300 tūkst. €
1448,1448,UAB „Lamida“,2415 €,35,3-5 mln. €
1449,1449,UAB „Balticsofa“,,420,30-50 mln. €
1450,1450,UAB „Gemma sveikatos centras“,2182 €,191,5-10 mln. €
1451,1451,AB „Vilniaus Pergalė“,2181 €,306,50-100 mln. €
1452,1452,UAB „Lamida“,2415 €,35,3-5 mln. €
1453,1453,UAB „Lamida“,2415 €,35,3-5 mln. €
1454,1454,Ignitis grupė,,,
1455,1455,Ignitis grupė,,,
1456,1456,UAB „Statorama“,,,
1457,1457,UAB „Ekobūsto namai“,1920 €,27,2-3 mln. €
1458,1458,UAB „Eltel Networks“,3537 €,153,10-20 mln. €
1459,1459,UAB „Eltel Networks“,3537 €,153,10-20 mln. €
1460,1460,UAB „SAMSONAS“,1923 €,418,30-50 mln. €
1461,1461,UAB „Statorama“,,,
1462,1462,UAB „Statorama“,,,
1463,1463,UAB „Statorama“,,,
1464,1464,UAB „Statorama“,,,
1465,1465,UAB „Statorama“,,,
1466,1466,UAB „Įdarbinimo tarpininkavimo centras“,,,
1467,1467,UAB „LPP LITHUANIA“,1617 €,614,50-100 mln. €
1468,1468,UAB „H & M Hennes & Mauritz“,1143 €,286,30-50 mln. €
1469,1469,UAB „Novian Technologies“,3329 €,89,20-30 mln. €
1470,1470,UAB „MANVALDA“,2758 €,107,5-10 mln. €
1471,1471,UAB „DARNU GROUP“,3686 €,120,5-10 mln. €
1472,1472,Confident,,,
1473,1473,UAB „Panevėžio ryšių statyba“,1696 €,44,3-5 mln. €
1474,1474,UAB „Vilko apetitas“,2162 €,36,1-2 mln. €
1475,1475,UAB „Medienos era“,2816 €,28,5-10 mln. €
1476,1476,"Accounting in Style, UAB",2305 €,11,300-500 tūkst. €
1477,1477,"Vikonda grupė, UAB",,,
1478,1478,LTK Food Group,,,
1479,1479,EY,3443 €,403,30-50 mln. €
1480,1480,UAB „Litana ir Ko“,3383 €,123,30-50 mln. €
1481,1481,UAB „Falc Service“,1847 €,18,500 tūkst.-1 mln. €
1482,1482,UAB „Beribis grožis“,1199 €,28,500 tūkst.-1 mln. €
1483,1483,UAB „People Link“,,,
1484,1484,Atranka360,,,
1485,1485,"Kotryna Group, UAB",1956 €,337,30-50 mln. €
1486,1486,LTG,,,
1487,1487,Stabile solutions AB,,,
1488,1488,,,,
1489,1489,UAB „MENAR“,1620 €,19,500 tūkst.-1 mln. €
1490,1490,UAB „MENAR“,1620 €,19,500 tūkst.-1 mln. €
1491,1491,"„Grafton Lithuania“, UAB",,,
1492,1492,"ATPartner, UAB",1567 €,48,30-50 tūkst. €
1493,1493,Ignitis grupė,,,
1494,1494,UAB „LPP LITHUANIA“,1617 €,614,50-100 mln. €
1495,1495,Venipak įmonių grupė,2509 €,665,50-100 mln. €
1496,1496,UAB „Baltijos pervežimai“,2446 €,43,5-10 mln. €
1497,1497,UAB „People Link“,,,
1498,1498,UAB „Gilesta“,3427 €,151,30-50 mln. €
1499,1499,UAB „People Link“,,,
1500,1500,Affordable Live-in Homecare,,,
1501,1501,UAB „Adax“,2399 €,225,10-20 mln. €
1502,1502,UAB „Ekornes Lithuania“,1659 €,286,10-20 mln. €
1503,1503,UAB „Nordec“,2878 €,76,20-30 mln. €
1504,1504,UAB „DSP PLIUS“,2132 €,11,500 tūkst.-1 mln. €
1505,1505,UAB „Dolteka“,1473 €,217,5-10 mln. €
1506,1506,BIOVELA GROUP,3887 €,129,5-10 mln. €
1507,1507,UAB „Nordec“,2878 €,76,20-30 mln. €
1508,1508,UAB „Vandens parkas“,1377 €,76,5-10 mln. €
1509,1509,AS Inbank filialas,5380 €,69,
1510,1510,,,,
1511,1511,InMedica grupė,2227 €,764,20-30 mln. €
1512,1512,InMedica grupė,2227 €,764,20-30 mln. €
1513,1513,„Compensa Life Vienna Insurance Group SE“ Lietuvos filialas,3023 €,115,>100 mln. €
1514,1514,AB „Grafobal Vilnius“,2450 €,120,10-20 mln. €
1515,1515,Hila,3413 €,604,30-50 mln. €
1516,1516,UAB „Albrechta“,2998 €,30,3-5 mln. €
1517,1517,UAB „Nordec“,2878 €,76,20-30 mln. €
1518,1518,ECOSERVICE grupė,2199 €,931,50-100 mln. €
1519,1519,UAB „Elmoris“,2946 €,192,30-50 mln. €
1520,1520,AB „ŽEMAITIJOS PIENAS“,2633 €,1305,>100 mln. €
1521,1521,UAB „VIRPIL“,2490 €,51,5-10 mln. €
1522,1522,UAB „Profitus“,2331 €,7,3-5 mln. €
1523,1523,UAB „Skonis ir kvapas“,1942 €,183,10-20 mln. €
1524,1524,"Saulės Projektas, UAB",1658 €,23,5-10 mln. €
1525,1525,UAB „Strėlė logistics“,4017 €,62,10-20 mln. €
1526,1526,„Vičiūnų“ įmonių grupė,,,
1527,1527,UAB „Balticsofa“,,420,30-50 mln. €
1528,1528,Oxylabs,,,
1529,1529,UAB „Mood Furniture“,1573 €,222,3-5 mln. €
1530,1530,UAB „H & M Hennes & Mauritz“,1143 €,286,30-50 mln. €
1531,1531,"TELTONIKA EMS, UAB",3797 €,823,>100 mln. €
1532,1532,UAB „Mood Furniture“,1573 €,222,3-5 mln. €
1533,1533,MB „Sodo studija“,,1,100-200 tūkst. €
1534,1534,UAB „LPP LITHUANIA“,1617 €,614,50-100 mln. €
1535,1535,UAB „DAT LT“,3398 €,186,50-100 mln. €
1536,1536,UAB „Čia Market“,1511 €,531,30-50 mln. €
1537,1537,UAB „Zipas“,2748 €,14,5-10 mln. €
1538,1538,UAB „Versina“,1444 €,116,10-20 mln. €
1539,1539,UAB „Agroakva“,1927 €,34,1-2 mln. €
1540,1540,„Vičiūnų“ įmonių grupė,,,
1541,1541,UAB „ABEPA“,2439 €,114,10-20 mln. €
1542,1542,UAB „Girupis.LT“,3598 €,9,2-3 mln. €
1543,1543,UAB „Krispo“,2181 €,41,3-5 mln. €
1544,1544,UAB „Okeana“,1179 €,8,300-500 tūkst. €
1545,1545,UAB „Systemair“,2323 €,294,30-50 mln. €
1546,1546,VMGcorp,,,
1547,1547,UAB „Įdarbinimo tarpininkavimo centras“,,,
1548,1548,UAB „TK - Fashion“,1498 €,81,5-10 mln. €
1549,1549,Ignitis grupė,,,
1550,1550,UAB „Delta Management Solutions“,,,
1551,1551,UAB „Grinda“,2395 €,554,30-50 mln. €
1552,1552,UAB „Vilniaus Prekyba“,6981 €,11,500 tūkst.-1 mln. €
1553,1553,UAB „PLASTIKSĖ“,2276 €,318,20-30 mln. €
1554,1554,UAB „FESTO“,,602,30-50 mln. €
1555,1555,"Aljansas AIBĖ, UAB",3139 €,86,30-50 mln. €
1556,1556,UAB „Vilniaus Prekyba“,6981 €,11,500 tūkst.-1 mln. €
1557,1557,VŠĮ „Vilniaus tarptautinė mokykla“,3714 €,95,5-10 mln. €
1558,1558,NORTHWAY ĮMONIŲ GRUPĖ,,,
1559,1559,UAB „Akrusta“,1712 €,22,300-500 tūkst. €
1560,1560,UAB „NERMONAS“,1199 €,21,1-2 mln. €
1561,1561,UAB „Drogas“,1369 €,481,30-50 mln. €
1562,1562,"„Grafton Lithuania“, UAB",,,
1563,1563,UAB „AUDIFINA“,3212 €,95,3-5 mln. €
1564,1564,UAB „Kosmelita“,,,
1565,1565,MB „Italija tavo namuose“,2044 €,13,500 tūkst.-1 mln. €
1566,1566,Atranka360,,,
1567,1567,UAB „MANVALDA“,2758 €,107,5-10 mln. €
1568,1568,UAB „BLEIRAS LOGISTICS“,2535 €,1194,>100 mln. €
1569,1569,,,,
1570,1570,UAB „Akrusta“,1712 €,22,300-500 tūkst. €
1571,1571,UAB „Armando grupė“,,,
1572,1572,UAB „Trukmė“,3017 €,176,50-100 mln. €
1573,1573,UAB „Gelgotos transportas“,1838 €,15,30-50 mln. €
1574,1574,,,,
1575,1575,UAB „Matesa“,1929 €,136,5-10 mln. €
1576,1576,UAB „Baltijos ir Amerikos terapijos ir chirurgijos klinika“,2372 €,243,5-10 mln. €
1577,1577,UAB „Vis Unita Grožio Namai“,1610 €,9,500 tūkst.-1 mln. €
1578,1578,UAB „Gedlito transportas“,2351 €,144,30-50 mln. €
1579,1579,ATEA grupė,,,
1580,1580,UAB „Global Scaffolders“,,,
1581,1581,UAB „Agroakva“,1927 €,34,1-2 mln. €
1582,1582,MB „Cargis“,994 €,9,300-500 tūkst. €
1583,1583,UAB „Road Construction“,1879 €,16,2-3 mln. €
1584,1584,MB „Bartus IT Solutions“,2822 €,11,300-500 tūkst. €
1585,1585,UAB „Nemuno vaistinė“,2853 €,1361,>100 mln. €
1586,1586,UAB „Medical Score“,3825 €,67,5-10 mln. €
1587,1587,UAB „Balt Furn“,2993 €,18,5-10 mln. €
1588,1588,UAB „KESKO SENUKAI LITHUANIA“,2059 €,2849,>100 mln. €
1589,1589,UAB „Baltic Petroleum“,1537 €,676,>100 mln. €
1590,1590,UAB Emplonet,,,
1591,1591,"EVERWEST, UAB",,,
1592,1592,,,,
1593,1593,"Daily Spaces, UAB",1026 €,354,5-10 mln. €
1594,1594,UAB „Vestmarė“,1194 €,50,1-2 mln. €
1595,1595,UAB „Mood Furniture“,1573 €,222,3-5 mln. €
1596,1596,ADAMPOLIS GROUP,3889 €,133,>100 mln. €
1597,1597,UAB „STEAM pasaulis“,1625 €,20,300-500 tūkst. €
1598,1598,„Vičiūnų“ įmonių grupė,,,
1599,1599,AB „Lytagra“,2186 €,700,>100 mln. €
1600,1600,UAB „Emploera“,,,
1601,1601,AB „Lytagra“,2186 €,700,>100 mln. €
1602,1602,UAB „Emploera“,,,
1603,1603,UAB „People Link“,,,
1604,1604,Marino,,,
1605,1605,"EUROCASH1, UAB",1565 €,1288,20-30 mln. €
1606,1606,"Sveikatos uostas, UAB",2023 €,378,5-10 mln. €
1607,1607,UAB „RASEINIŲ STATYBA“,2540 €,68,5-10 mln. €
1608,1608,UAB „Solar Co“,,3,200-300 tūkst. €
1609,1609,Marino,,,
1610,1610,UAB „Apex Alliance Hotel Management“,5112 €,34,3-5 mln. €
1611,1611,BDO Lithuania,3015 €,99,3-5 mln. €
1612,1612,Marino,,,
1613,1613,UAB „Hirmus“,1126 €,16,300-500 tūkst. €
1614,1614,UAB „Windsor Services“,1943 €,89,5-10 mln. €
1615,1615,UAB „Poldma“,1693 €,82,5-10 mln. €
1616,1616,UAB „Apex Alliance Hotel Management“,5112 €,34,3-5 mln. €
1617,1617,"Sveikatos uostas, UAB",2023 €,378,5-10 mln. €
1618,1618,UAB „cargoGO Logistics“,3910 €,135,50-100 mln. €
1619,1619,UAB „Apex Alliance Hotel Management“,5112 €,34,3-5 mln. €
1620,1620,UAB „Transcom Worldwide Vilnius“,,567,10-20 mln. €
1621,1621,UAB „GEVARA“,3355 €,169,30-50 mln. €
1622,1622,UAB „H & M Hennes & Mauritz“,1143 €,286,30-50 mln. €
1623,1623,UAB „PERSONALO SPRENDIMAI“,,,
1624,1624,UAB „Personalas“,,,
1625,1625,UAB „Alynas“,1662 €,71,5-10 mln. €
1626,1626,UAB „Alynas“,1662 €,71,5-10 mln. €
1627,1627,,,,
1628,1628,,,,
1629,1629,UAB „H & M Hennes & Mauritz“,1143 €,286,30-50 mln. €
1630,1630,UAB „Atata“,1255 €,119,2-3 mln. €
1631,1631,UAB „Drogas“,1369 €,481,30-50 mln. €
1632,1632,UAB Nordex Lithuania,4813 €,30,>100 mln. €
1633,1633,LTK Food Group,,,
1634,1634,ARIMEX UAB,2868 €,108,50-100 mln. €
1635,1635,UAB „SRS SERVISAS“,2854 €,243,30-50 mln. €
1636,1636,UAB „SRS SERVISAS“,2854 €,243,30-50 mln. €
1637,1637,UAB „SRS SERVISAS“,2854 €,243,30-50 mln. €
1638,1638,INHUS,,,
1639,1639,UAB „BLEIRAS LOGISTICS“,2535 €,1194,>100 mln. €
1640,1640,INHUS,,,
1641,1641,Kredito unija Vilniuje,,,
1642,1642,UAB „VEIKMĖS STATYBA“,3626 €,184,30-50 mln. €
1643,1643,UAB „Emploera“,,,
1644,1644,UAB „Emploera“,,,
1645,1645,MB „Mareva LT“,,2,50-100 tūkst. €
1646,1646,AB „Oro navigacija“,5470 €,308,30-50 mln. €
1647,1647,UAB „GRIFS AG“,1304 €,1363,20-30 mln. €
1648,1648,UAB „Hotrema“,3787 €,560,30-50 mln. €
1649,1649,VšĮ „Šeškinės poliklinika“,3728 €,707,
1650,1650,VšĮ „Šeškinės poliklinika“,3728 €,707,
1651,1651,IKEA Vilnius,1975 €,704,>100 mln. €
1652,1652,Ignitis grupė,,,
1653,1653,EPSO-G grupė,,,
1654,1654,EPSO-G grupė,,,
1655,1655,EPSO-G grupė,,,
1656,1656,EPSO-G grupė,,,
1657,1657,EPSO-G grupė,,,
1658,1658,EPSO-G grupė,,,
1659,1659,EPSO-G grupė,,,
1660,1660,EPSO-G grupė,,,
1661,1661,UAB „Anykščių energetinė statyba“,2775 €,98,10-20 mln. €
1662,1662,UAB „Anykščių energetinė statyba“,2775 €,98,10-20 mln. €
1663,1663,UAB „SRS SERVISAS“,2854 €,243,30-50 mln. €
1664,1664,UAB „SRS SERVISAS“,2854 €,243,30-50 mln. €
1665,1665,UAB „SRS SERVISAS“,2854 €,243,30-50 mln. €
1666,1666,Vilniaus miesto savivaldybės administracija,4187 €,1092,
1667,1667,Vilniaus miesto savivaldybės administracija,4187 €,1092,
1668,1668,UAB „SRS SERVISAS“,2854 €,243,30-50 mln. €
1669,1669,UAB „SRS SERVISAS“,2854 €,243,30-50 mln. €
1670,1670,AB „LIETUVOS DRAUDIMAS“,7066 €,935,>100 mln. €
1671,1671,AB „Kauno grūdai“,2603 €,1280,>100 mln. €
1672,1672,Goldman Recruitment Poland Sp. z o. o.,,,
1673,1673,UAB „Narbutas International“,2250 €,1631,>100 mln. €
1674,1674,SBA Grupė,,,
1675,1675,UAB „TELE2“,16050 €,148,>100 mln. €
1676,1676,"„Grafton Lithuania“, UAB",,,
1677,1677,Ūkininkas Vilius Janeliūnas,,,
1678,1678,VMGcorp,,,
1679,1679,SBA Grupė,,,
1680,1680,SBA Grupė,,,
1681,1681,UAB „Finėjas“,,905,>100 mln. €
1682,1682,,,,
